[
    {
        "id": 63,
        "event_id": 16,
        "category_id": 2,
        "description": "Custo 1 para Evento Teste 14 - Workshop - Transporte",
        "amount": "1585.00",
        "cost_type": "actual",
        "date": "2025-09-06",
        "paid": true,
        "receipt": null,
        "notes": "Custo de teste para o evento Evento Teste 14 - Workshop",
        "created_at": "2025-03-25T11:55:09.056Z",
        "updated_at": "2025-03-25T11:55:09.056Z"
    },
    {
        "id": 68,
        "event_id": 16,
        "category_id": 1,
        "description": "Custo 6 para Evento Teste 14 - Workshop - Gasto com Pessoal",
        "amount": "499.00",
        "cost_type": "budget",
        "date": "2025-09-03",
        "paid": true,
        "receipt": null,
        "notes": "Custo de teste para o evento Evento Teste 14 - Workshop",
        "created_at": "2025-03-25T11:55:09.057Z",
        "updated_at": "2025-03-25T11:55:09.057Z"
    },
    {
        "id": 65,
        "event_id": 16,
        "category_id": 2,
        "description": "Custo 3 para Evento Teste 14 - Workshop - Transporte",
        "amount": "2617.00",
        "cost_type": "budget",
        "date": "2025-08-30",
        "paid": false,
        "receipt": null,
        "notes": "Custo de teste para o evento Evento Teste 14 - Workshop",
        "created_at": "2025-03-25T11:55:09.057Z",
        "updated_at": "2025-03-25T11:55:09.057Z"
    },
    {
        "id": 21,
        "event_id": 7,
        "category_id": 1,
        "description": "Custo 1 para Evento Teste 5 - Exposição - Gasto com Pessoal",
        "amount": "314.00",
        "cost_type": "budget",
        "date": "2025-08-26",
        "paid": false,
        "receipt": null,
        "notes": "Custo de teste para o evento Evento Teste 5 - Exposição",
        "created_at": "2025-03-25T11:55:09.038Z",
        "updated_at": "2025-03-25T11:55:09.038Z"
    },
    {
        "id": 67,
        "event_id": 16,
        "category_id": 2,
        "description": "Custo 5 para Evento Teste 14 - Workshop - Transporte",
        "amount": "1264.00",
        "cost_type": "budget",
        "date": "2025-08-24",
        "paid": true,
        "receipt": null,
        "notes": "Custo de teste para o evento Evento Teste 14 - Workshop",
        "created_at": "2025-03-25T11:55:09.057Z",
        "updated_at": "2025-03-25T11:55:09.057Z"
    },
    {
        "id": 66,
        "event_id": 16,
        "category_id": 1,
        "description": "Custo 4 para Evento Teste 14 - Workshop - Gasto com Pessoal",
        "amount": "438.00",
        "cost_type": "budget",
        "date": "2025-08-20",
        "paid": false,
        "receipt": null,
        "notes": "Custo de teste para o evento Evento Teste 14 - Workshop",
        "created_at": "2025-03-25T11:55:09.057Z",
        "updated_at": "2025-03-25T11:55:09.057Z"
    },
    {
        "id": 64,
        "event_id": 16,
        "category_id": 2,
        "description": "Custo 2 para Evento Teste 14 - Workshop - Transporte",
        "amount": "3638.00",
        "cost_type": "budget",
        "date": "2025-08-15",
        "paid": false,
        "receipt": null,
        "notes": "Custo de teste para o evento Evento Teste 14 - Workshop",
        "created_at": "2025-03-25T11:55:09.057Z",
        "updated_at": "2025-03-25T11:55:09.057Z"
    },
    {
        "id": 69,
        "event_id": 16,
        "category_id": 1,
        "description": "Custo 7 para Evento Teste 14 - Workshop - Gasto com Pessoal",
        "amount": "4421.00",
        "cost_type": "budget",
        "date": "2025-08-14",
        "paid": false,
        "receipt": null,
        "notes": "Custo de teste para o evento Evento Teste 14 - Workshop",
        "created_at": "2025-03-25T11:55:09.057Z",
        "updated_at": "2025-03-25T11:55:09.057Z"
    },
    {
        "id": 24,
        "event_id": 7,
        "category_id": 2,
        "description": "Custo 4 para Evento Teste 5 - Exposição - Transporte",
        "amount": "4413.00",
        "cost_type": "budget",
        "date": "2025-08-13",
        "paid": false,
        "receipt": null,
        "notes": "Custo de teste para o evento Evento Teste 5 - Exposição",
        "created_at": "2025-03-25T11:55:09.039Z",
        "updated_at": "2025-03-25T11:55:09.039Z"
    },
    {
        "id": 22,
        "event_id": 7,
        "category_id": 1,
        "description": "Custo 2 para Evento Teste 5 - Exposição - Gasto com Pessoal",
        "amount": "3055.00",
        "cost_type": "budget",
        "date": "2025-08-03",
        "paid": true,
        "receipt": null,
        "notes": "Custo de teste para o evento Evento Teste 5 - Exposição",
        "created_at": "2025-03-25T11:55:09.038Z",
        "updated_at": "2025-03-25T11:55:09.038Z"
    },
    {
        "id": 23,
        "event_id": 7,
        "category_id": 1,
        "description": "Custo 3 para Evento Teste 5 - Exposição - Gasto com Pessoal",
        "amount": "1378.00",
        "cost_type": "budget",
        "date": "2025-08-02",
        "paid": true,
        "receipt": null,
        "notes": "Custo de teste para o evento Evento Teste 5 - Exposição",
        "created_at": "2025-03-25T11:55:09.039Z",
        "updated_at": "2025-03-25T11:55:09.039Z"
    },
    {
        "id": 20,
        "event_id": 6,
        "category_id": 1,
        "description": "Custo 2 para Evento Teste 4 - Seminário - Gasto com Pessoal",
        "amount": "3757.00",
        "cost_type": "budget",
        "date": "2025-07-23",
        "paid": true,
        "receipt": null,
        "notes": "Custo de teste para o evento Evento Teste 4 - Seminário",
        "created_at": "2025-03-25T11:55:09.037Z",
        "updated_at": "2025-03-25T11:55:09.037Z"
    },
    {
        "id": 19,
        "event_id": 6,
        "category_id": 2,
        "description": "Custo 1 para Evento Teste 4 - Seminário - Transporte",
        "amount": "3793.00",
        "cost_type": "budget",
        "date": "2025-07-15",
        "paid": false,
        "receipt": null,
        "notes": "Custo de teste para o evento Evento Teste 4 - Seminário",
        "created_at": "2025-03-25T11:55:09.037Z",
        "updated_at": "2025-03-25T11:55:09.037Z"
    },
    {
        "id": 26,
        "event_id": 8,
        "category_id": 2,
        "description": "Custo 2 para Evento Teste 6 - Congresso - Transporte",
        "amount": "594.00",
        "cost_type": "actual",
        "date": "2025-05-08",
        "paid": false,
        "receipt": null,
        "notes": "Custo de teste para o evento Evento Teste 6 - Congresso",
        "created_at": "2025-03-25T11:55:09.041Z",
        "updated_at": "2025-03-25T11:55:09.041Z"
    },
    {
        "id": 25,
        "event_id": 8,
        "category_id": 2,
        "description": "Custo 1 para Evento Teste 6 - Congresso - Transporte",
        "amount": "1179.00",
        "cost_type": "budget",
        "date": "2025-04-24",
        "paid": false,
        "receipt": null,
        "notes": "Custo de teste para o evento Evento Teste 6 - Congresso",
        "created_at": "2025-03-25T11:55:09.039Z",
        "updated_at": "2025-03-25T11:55:09.039Z"
    },
    {
        "id": 27,
        "event_id": 9,
        "category_id": 2,
        "description": "Custo 1 para Evento Teste 7 - Workshop - Transporte",
        "amount": "2836.00",
        "cost_type": "actual",
        "date": "2025-04-24",
        "paid": true,
        "receipt": null,
        "notes": "Custo de teste para o evento Evento Teste 7 - Workshop",
        "created_at": "2025-03-25T11:55:09.041Z",
        "updated_at": "2025-03-25T11:55:09.041Z"
    },
    {
        "id": 28,
        "event_id": 9,
        "category_id": 1,
        "description": "Custo 2 para Evento Teste 7 - Workshop - Gasto com Pessoal",
        "amount": "3198.00",
        "cost_type": "budget",
        "date": "2025-04-23",
        "paid": false,
        "receipt": null,
        "notes": "Custo de teste para o evento Evento Teste 7 - Workshop",
        "created_at": "2025-03-25T11:55:09.041Z",
        "updated_at": "2025-03-25T11:55:09.041Z"
    },
    {
        "id": 33,
        "event_id": 10,
        "category_id": 1,
        "description": "Custo 2 para Evento Teste 8 - Exposição - Gasto com Pessoal",
        "amount": "723.00",
        "cost_type": "actual",
        "date": "2025-04-18",
        "paid": false,
        "receipt": null,
        "notes": "Custo de teste para o evento Evento Teste 8 - Exposição",
        "created_at": "2025-03-25T11:55:09.043Z",
        "updated_at": "2025-03-25T11:55:09.043Z"
    },
    {
        "id": 34,
        "event_id": 10,
        "category_id": 1,
        "description": "Custo 3 para Evento Teste 8 - Exposição - Gasto com Pessoal",
        "amount": "4462.00",
        "cost_type": "actual",
        "date": "2025-04-17",
        "paid": false,
        "receipt": null,
        "notes": "Custo de teste para o evento Evento Teste 8 - Exposição",
        "created_at": "2025-03-25T11:55:09.044Z",
        "updated_at": "2025-03-25T11:55:09.044Z"
    },
    {
        "id": 36,
        "event_id": 10,
        "category_id": 1,
        "description": "Custo 5 para Evento Teste 8 - Exposição - Gasto com Pessoal",
        "amount": "2323.00",
        "cost_type": "actual",
        "date": "2025-04-17",
        "paid": true,
        "receipt": null,
        "notes": "Custo de teste para o evento Evento Teste 8 - Exposição",
        "created_at": "2025-03-25T11:55:09.044Z",
        "updated_at": "2025-03-25T11:55:09.044Z"
    },
    {
        "id": 38,
        "event_id": 10,
        "category_id": 2,
        "description": "Custo 7 para Evento Teste 8 - Exposição - Transporte",
        "amount": "2877.00",
        "cost_type": "budget",
        "date": "2025-04-17",
        "paid": false,
        "receipt": null,
        "notes": "Custo de teste para o evento Evento Teste 8 - Exposição",
        "created_at": "2025-03-25T11:55:09.044Z",
        "updated_at": "2025-03-25T11:55:09.044Z"
    },
    {
        "id": 31,
        "event_id": 9,
        "category_id": 1,
        "description": "Custo 5 para Evento Teste 7 - Workshop - Gasto com Pessoal",
        "amount": "414.00",
        "cost_type": "budget",
        "date": "2025-04-15",
        "paid": false,
        "receipt": null,
        "notes": "Custo de teste para o evento Evento Teste 7 - Workshop",
        "created_at": "2025-03-25T11:55:09.042Z",
        "updated_at": "2025-03-25T11:55:09.042Z"
    },
    {
        "id": 39,
        "event_id": 10,
        "category_id": 2,
        "description": "Custo 8 para Evento Teste 8 - Exposição - Transporte",
        "amount": "1299.00",
        "cost_type": "budget",
        "date": "2025-04-13",
        "paid": true,
        "receipt": null,
        "notes": "Custo de teste para o evento Evento Teste 8 - Exposição",
        "created_at": "2025-03-25T11:55:09.044Z",
        "updated_at": "2025-03-25T11:55:09.044Z"
    },
    {
        "id": 29,
        "event_id": 9,
        "category_id": 2,
        "description": "Custo 3 para Evento Teste 7 - Workshop - Transporte",
        "amount": "2375.00",
        "cost_type": "budget",
        "date": "2025-04-11",
        "paid": true,
        "receipt": null,
        "notes": "Custo de teste para o evento Evento Teste 7 - Workshop",
        "created_at": "2025-03-25T11:55:09.041Z",
        "updated_at": "2025-03-25T11:55:09.041Z"
    },
    {
        "id": 30,
        "event_id": 9,
        "category_id": 2,
        "description": "Custo 4 para Evento Teste 7 - Workshop - Transporte",
        "amount": "2749.00",
        "cost_type": "budget",
        "date": "2025-04-10",
        "paid": false,
        "receipt": null,
        "notes": "Custo de teste para o evento Evento Teste 7 - Workshop",
        "created_at": "2025-03-25T11:55:09.042Z",
        "updated_at": "2025-03-25T11:55:09.042Z"
    },
    {
        "id": 37,
        "event_id": 10,
        "category_id": 2,
        "description": "Custo 6 para Evento Teste 8 - Exposição - Transporte",
        "amount": "3342.00",
        "cost_type": "budget",
        "date": "2025-04-08",
        "paid": true,
        "receipt": null,
        "notes": "Custo de teste para o evento Evento Teste 8 - Exposição",
        "created_at": "2025-03-25T11:55:09.044Z",
        "updated_at": "2025-03-25T11:55:09.044Z"
    },
    {
        "id": 32,
        "event_id": 10,
        "category_id": 2,
        "description": "Custo 1 para Evento Teste 8 - Exposição - Transporte",
        "amount": "3600.00",
        "cost_type": "budget",
        "date": "2025-04-04",
        "paid": true,
        "receipt": null,
        "notes": "Custo de teste para o evento Evento Teste 8 - Exposição",
        "created_at": "2025-03-25T11:55:09.043Z",
        "updated_at": "2025-03-25T11:55:09.043Z"
    },
    {
        "id": 35,
        "event_id": 10,
        "category_id": 2,
        "description": "Custo 4 para Evento Teste 8 - Exposição - Transporte",
        "amount": "1735.00",
        "cost_type": "budget",
        "date": "2025-03-29",
        "paid": true,
        "receipt": null,
        "notes": "Custo de teste para o evento Evento Teste 8 - Exposição",
        "created_at": "2025-03-25T11:55:09.044Z",
        "updated_at": "2025-03-25T11:55:09.044Z"
    },
    {
        "id": 4,
        "event_id": 3,
        "category_id": 2,
        "description": "Custo 2 para Evento Teste 1 - Seminário - Transporte",
        "amount": "3519.00",
        "cost_type": "budget",
        "date": "2025-03-28",
        "paid": true,
        "receipt": null,
        "notes": "Custo de teste para o evento Evento Teste 1 - Seminário",
        "created_at": "2025-03-25T11:55:09.030Z",
        "updated_at": "2025-03-25T11:55:09.030Z"
    },
    {
        "id": 6,
        "event_id": 3,
        "category_id": 2,
        "description": "Custo 4 para Evento Teste 1 - Seminário - Transporte",
        "amount": "2887.00",
        "cost_type": "actual",
        "date": "2025-03-26",
        "paid": true,
        "receipt": null,
        "notes": "Custo de teste para o evento Evento Teste 1 - Seminário",
        "created_at": "2025-03-25T11:55:09.030Z",
        "updated_at": "2025-03-25T11:55:09.030Z"
    },
    {
        "id": 61,
        "event_id": 15,
        "category_id": 1,
        "description": "Custo 4 para Evento Teste 13 - Seminário - Gasto com Pessoal",
        "amount": "2322.00",
        "cost_type": "actual",
        "date": "2025-03-26",
        "paid": true,
        "receipt": null,
        "notes": "Custo de teste para o evento Evento Teste 13 - Seminário",
        "created_at": "2025-03-25T11:55:09.054Z",
        "updated_at": "2025-03-25T11:55:09.054Z"
    },
    {
        "id": 72,
        "event_id": 17,
        "category_id": 1,
        "description": "Custo 3 para Evento Teste 15 - Feira - Gasto com Pessoal",
        "amount": "327.00",
        "cost_type": "actual",
        "date": "2025-03-26",
        "paid": false,
        "receipt": null,
        "notes": "Custo de teste para o evento Evento Teste 15 - Feira",
        "created_at": "2025-03-25T11:55:09.059Z",
        "updated_at": "2025-03-25T11:55:09.059Z"
    },
    {
        "id": 8,
        "event_id": 3,
        "category_id": 1,
        "description": "Custo 6 para Evento Teste 1 - Seminário - Gasto com Pessoal",
        "amount": "4820.00",
        "cost_type": "actual",
        "date": "2025-03-25",
        "paid": false,
        "receipt": null,
        "notes": "Custo de teste para o evento Evento Teste 1 - Seminário",
        "created_at": "2025-03-25T11:55:09.031Z",
        "updated_at": "2025-03-25T11:55:09.031Z"
    },
    {
        "id": 9,
        "event_id": 3,
        "category_id": 2,
        "description": "Custo 7 para Evento Teste 1 - Seminário - Transporte",
        "amount": "3392.00",
        "cost_type": "budget",
        "date": "2025-03-25",
        "paid": true,
        "receipt": null,
        "notes": "Custo de teste para o evento Evento Teste 1 - Seminário",
        "created_at": "2025-03-25T11:55:09.031Z",
        "updated_at": "2025-03-25T11:55:09.031Z"
    },
    {
        "id": 11,
        "event_id": 4,
        "category_id": 2,
        "description": "Custo 1 para Evento Teste 2 - Workshop - Transporte",
        "amount": "236.00",
        "cost_type": "actual",
        "date": "2025-03-25",
        "paid": false,
        "receipt": null,
        "notes": "Custo de teste para o evento Evento Teste 2 - Workshop",
        "created_at": "2025-03-25T11:55:09.032Z",
        "updated_at": "2025-03-25T11:55:09.032Z"
    },
    {
        "id": 59,
        "event_id": 15,
        "category_id": 1,
        "description": "Custo 2 para Evento Teste 13 - Seminário - Gasto com Pessoal",
        "amount": "4669.00",
        "cost_type": "actual",
        "date": "2025-03-25",
        "paid": true,
        "receipt": null,
        "notes": "Custo de teste para o evento Evento Teste 13 - Seminário",
        "created_at": "2025-03-25T11:55:09.054Z",
        "updated_at": "2025-03-25T11:55:09.054Z"
    },
    {
        "id": 3,
        "event_id": 3,
        "category_id": 2,
        "description": "Custo 1 para Evento Teste 1 - Seminário - Transporte",
        "amount": "3598.00",
        "cost_type": "budget",
        "date": "2025-03-24",
        "paid": false,
        "receipt": null,
        "notes": "Custo de teste para o evento Evento Teste 1 - Seminário",
        "created_at": "2025-03-25T11:55:09.029Z",
        "updated_at": "2025-03-25T11:55:09.029Z"
    },
    {
        "id": 60,
        "event_id": 15,
        "category_id": 2,
        "description": "Custo 3 para Evento Teste 13 - Seminário - Transporte",
        "amount": "4420.00",
        "cost_type": "actual",
        "date": "2025-03-24",
        "paid": true,
        "receipt": null,
        "notes": "Custo de teste para o evento Evento Teste 13 - Seminário",
        "created_at": "2025-03-25T11:55:09.054Z",
        "updated_at": "2025-03-25T11:55:09.054Z"
    },
    {
        "id": 14,
        "event_id": 4,
        "category_id": 1,
        "description": "Custo 4 para Evento Teste 2 - Workshop - Gasto com Pessoal",
        "amount": "3734.00",
        "cost_type": "actual",
        "date": "2025-03-23",
        "paid": true,
        "receipt": null,
        "notes": "Custo de teste para o evento Evento Teste 2 - Workshop",
        "created_at": "2025-03-25T11:55:09.034Z",
        "updated_at": "2025-03-25T11:55:09.034Z"
    },
    {
        "id": 5,
        "event_id": 3,
        "category_id": 2,
        "description": "Custo 3 para Evento Teste 1 - Seminário - Transporte",
        "amount": "2827.00",
        "cost_type": "actual",
        "date": "2025-03-22",
        "paid": false,
        "receipt": null,
        "notes": "Custo de teste para o evento Evento Teste 1 - Seminário",
        "created_at": "2025-03-25T11:55:09.030Z",
        "updated_at": "2025-03-25T11:55:09.030Z"
    },
    {
        "id": 13,
        "event_id": 4,
        "category_id": 2,
        "description": "Custo 3 para Evento Teste 2 - Workshop - Transporte",
        "amount": "4126.00",
        "cost_type": "actual",
        "date": "2025-03-22",
        "paid": false,
        "receipt": null,
        "notes": "Custo de teste para o evento Evento Teste 2 - Workshop",
        "created_at": "2025-03-25T11:55:09.032Z",
        "updated_at": "2025-03-25T11:55:09.032Z"
    },
    {
        "id": 73,
        "event_id": 17,
        "category_id": 1,
        "description": "Custo 4 para Evento Teste 15 - Feira - Gasto com Pessoal",
        "amount": "2753.00",
        "cost_type": "actual",
        "date": "2025-03-22",
        "paid": false,
        "receipt": null,
        "notes": "Custo de teste para o evento Evento Teste 15 - Feira",
        "created_at": "2025-03-25T11:55:09.059Z",
        "updated_at": "2025-03-25T11:55:09.059Z"
    },
    {
        "id": 70,
        "event_id": 17,
        "category_id": 2,
        "description": "Custo 1 para Evento Teste 15 - Feira - Transporte",
        "amount": "4707.00",
        "cost_type": "actual",
        "date": "2025-03-21",
        "paid": false,
        "receipt": null,
        "notes": "Custo de teste para o evento Evento Teste 15 - Feira",
        "created_at": "2025-03-25T11:55:09.059Z",
        "updated_at": "2025-03-25T11:55:09.059Z"
    },
    {
        "id": 62,
        "event_id": 15,
        "category_id": 2,
        "description": "Custo 5 para Evento Teste 13 - Seminário - Transporte",
        "amount": "4873.00",
        "cost_type": "budget",
        "date": "2025-03-20",
        "paid": true,
        "receipt": null,
        "notes": "Custo de teste para o evento Evento Teste 13 - Seminário",
        "created_at": "2025-03-25T11:55:09.054Z",
        "updated_at": "2025-03-25T11:55:09.054Z"
    },
    {
        "id": 58,
        "event_id": 15,
        "category_id": 1,
        "description": "Custo 1 para Evento Teste 13 - Seminário - Gasto com Pessoal",
        "amount": "2779.00",
        "cost_type": "budget",
        "date": "2025-03-16",
        "paid": false,
        "receipt": null,
        "notes": "Custo de teste para o evento Evento Teste 13 - Seminário",
        "created_at": "2025-03-25T11:55:09.054Z",
        "updated_at": "2025-03-25T11:55:09.054Z"
    },
    {
        "id": 71,
        "event_id": 17,
        "category_id": 1,
        "description": "Custo 2 para Evento Teste 15 - Feira - Gasto com Pessoal",
        "amount": "2539.00",
        "cost_type": "budget",
        "date": "2025-03-16",
        "paid": false,
        "receipt": null,
        "notes": "Custo de teste para o evento Evento Teste 15 - Feira",
        "created_at": "2025-03-25T11:55:09.059Z",
        "updated_at": "2025-03-25T11:55:09.059Z"
    },
    {
        "id": 7,
        "event_id": 3,
        "category_id": 2,
        "description": "Custo 5 para Evento Teste 1 - Seminário - Transporte",
        "amount": "4485.00",
        "cost_type": "budget",
        "date": "2025-03-14",
        "paid": false,
        "receipt": null,
        "notes": "Custo de teste para o evento Evento Teste 1 - Seminário",
        "created_at": "2025-03-25T11:55:09.030Z",
        "updated_at": "2025-03-25T11:55:09.030Z"
    },
    {
        "id": 74,
        "event_id": 17,
        "category_id": 1,
        "description": "Custo 5 para Evento Teste 15 - Feira - Gasto com Pessoal",
        "amount": "2165.00",
        "cost_type": "budget",
        "date": "2025-03-07",
        "paid": false,
        "receipt": null,
        "notes": "Custo de teste para o evento Evento Teste 15 - Feira",
        "created_at": "2025-03-25T11:55:09.059Z",
        "updated_at": "2025-03-25T11:55:09.059Z"
    },
    {
        "id": 1,
        "event_id": 2,
        "category_id": 2,
        "description": "Uber do pessoal",
        "amount": "50.00",
        "cost_type": "actual",
        "date": "2025-03-05",
        "paid": false,
        "receipt": null,
        "notes": "",
        "created_at": "2025-03-24T18:56:39.265Z",
        "updated_at": "2025-03-24T19:30:17.137Z"
    },
    {
        "id": 15,
        "event_id": 4,
        "category_id": 1,
        "description": "Custo 5 para Evento Teste 2 - Workshop - Gasto com Pessoal",
        "amount": "4180.00",
        "cost_type": "budget",
        "date": "2025-03-05",
        "paid": false,
        "receipt": null,
        "notes": "Custo de teste para o evento Evento Teste 2 - Workshop",
        "created_at": "2025-03-25T11:55:09.034Z",
        "updated_at": "2025-03-25T11:55:09.034Z"
    },
    {
        "id": 10,
        "event_id": 3,
        "category_id": 2,
        "description": "Custo 8 para Evento Teste 1 - Seminário - Transporte",
        "amount": "586.00",
        "cost_type": "budget",
        "date": "2025-03-04",
        "paid": false,
        "receipt": null,
        "notes": "Custo de teste para o evento Evento Teste 1 - Seminário",
        "created_at": "2025-03-25T11:55:09.031Z",
        "updated_at": "2025-03-25T11:55:09.031Z"
    },
    {
        "id": 2,
        "event_id": 2,
        "category_id": 2,
        "description": "teste",
        "amount": "500.00",
        "cost_type": "actual",
        "date": "2025-03-03",
        "paid": true,
        "receipt": "receipts/baixados.jpeg",
        "notes": "",
        "created_at": "2025-03-24T19:18:28.863Z",
        "updated_at": "2025-03-24T19:24:28.444Z"
    },
    {
        "id": 12,
        "event_id": 4,
        "category_id": 2,
        "description": "Custo 2 para Evento Teste 2 - Workshop - Transporte",
        "amount": "2018.00",
        "cost_type": "budget",
        "date": "2025-02-24",
        "paid": false,
        "receipt": null,
        "notes": "Custo de teste para o evento Evento Teste 2 - Workshop",
        "created_at": "2025-03-25T11:55:09.032Z",
        "updated_at": "2025-03-25T11:55:09.032Z"
    },
    {
        "id": 50,
        "event_id": 13,
        "category_id": 1,
        "description": "Custo 2 para Evento Teste 11 - Workshop - Gasto com Pessoal",
        "amount": "4259.00",
        "cost_type": "actual",
        "date": "2025-01-13",
        "paid": false,
        "receipt": null,
        "notes": "Custo de teste para o evento Evento Teste 11 - Workshop",
        "created_at": "2025-03-25T11:55:09.050Z",
        "updated_at": "2025-03-25T11:55:09.050Z"
    },
    {
        "id": 49,
        "event_id": 13,
        "category_id": 1,
        "description": "Custo 1 para Evento Teste 11 - Workshop - Gasto com Pessoal",
        "amount": "3962.00",
        "cost_type": "actual",
        "date": "2025-01-11",
        "paid": true,
        "receipt": null,
        "notes": "Custo de teste para o evento Evento Teste 11 - Workshop",
        "created_at": "2025-03-25T11:55:09.050Z",
        "updated_at": "2025-03-25T11:55:09.050Z"
    },
    {
        "id": 16,
        "event_id": 5,
        "category_id": 1,
        "description": "Custo 1 para Evento Teste 3 - Exposição - Gasto com Pessoal",
        "amount": "1725.00",
        "cost_type": "actual",
        "date": "2024-12-11",
        "paid": true,
        "receipt": null,
        "notes": "Custo de teste para o evento Evento Teste 3 - Exposição",
        "created_at": "2025-03-25T11:55:09.035Z",
        "updated_at": "2025-03-25T11:55:09.035Z"
    },
    {
        "id": 48,
        "event_id": 12,
        "category_id": 2,
        "description": "Custo 4 para Evento Teste 10 - Workshop - Transporte",
        "amount": "2187.00",
        "cost_type": "budget",
        "date": "2024-11-26",
        "paid": false,
        "receipt": null,
        "notes": "Custo de teste para o evento Evento Teste 10 - Workshop",
        "created_at": "2025-03-25T11:55:09.048Z",
        "updated_at": "2025-03-25T11:55:09.048Z"
    },
    {
        "id": 17,
        "event_id": 5,
        "category_id": 2,
        "description": "Custo 2 para Evento Teste 3 - Exposição - Transporte",
        "amount": "2943.00",
        "cost_type": "budget",
        "date": "2024-11-22",
        "paid": true,
        "receipt": null,
        "notes": "Custo de teste para o evento Evento Teste 3 - Exposição",
        "created_at": "2025-03-25T11:55:09.035Z",
        "updated_at": "2025-03-25T11:55:09.035Z"
    },
    {
        "id": 40,
        "event_id": 11,
        "category_id": 2,
        "description": "Custo 1 para Evento Teste 9 - Exposição - Transporte",
        "amount": "2663.00",
        "cost_type": "actual",
        "date": "2024-11-22",
        "paid": true,
        "receipt": null,
        "notes": "Custo de teste para o evento Evento Teste 9 - Exposição",
        "created_at": "2025-03-25T11:55:09.046Z",
        "updated_at": "2025-03-25T11:55:09.046Z"
    },
    {
        "id": 44,
        "event_id": 11,
        "category_id": 1,
        "description": "Custo 5 para Evento Teste 9 - Exposição - Gasto com Pessoal",
        "amount": "189.00",
        "cost_type": "actual",
        "date": "2024-11-22",
        "paid": true,
        "receipt": null,
        "notes": "Custo de teste para o evento Evento Teste 9 - Exposição",
        "created_at": "2025-03-25T11:55:09.046Z",
        "updated_at": "2025-03-25T11:55:09.046Z"
    },
    {
        "id": 41,
        "event_id": 11,
        "category_id": 1,
        "description": "Custo 2 para Evento Teste 9 - Exposição - Gasto com Pessoal",
        "amount": "491.00",
        "cost_type": "actual",
        "date": "2024-11-20",
        "paid": true,
        "receipt": null,
        "notes": "Custo de teste para o evento Evento Teste 9 - Exposição",
        "created_at": "2025-03-25T11:55:09.046Z",
        "updated_at": "2025-03-25T11:55:09.046Z"
    },
    {
        "id": 45,
        "event_id": 12,
        "category_id": 1,
        "description": "Custo 1 para Evento Teste 10 - Workshop - Gasto com Pessoal",
        "amount": "837.00",
        "cost_type": "budget",
        "date": "2024-11-19",
        "paid": false,
        "receipt": null,
        "notes": "Custo de teste para o evento Evento Teste 10 - Workshop",
        "created_at": "2025-03-25T11:55:09.048Z",
        "updated_at": "2025-03-25T11:55:09.048Z"
    },
    {
        "id": 46,
        "event_id": 12,
        "category_id": 2,
        "description": "Custo 2 para Evento Teste 10 - Workshop - Transporte",
        "amount": "1986.00",
        "cost_type": "budget",
        "date": "2024-11-17",
        "paid": false,
        "receipt": null,
        "notes": "Custo de teste para o evento Evento Teste 10 - Workshop",
        "created_at": "2025-03-25T11:55:09.048Z",
        "updated_at": "2025-03-25T11:55:09.048Z"
    },
    {
        "id": 47,
        "event_id": 12,
        "category_id": 1,
        "description": "Custo 3 para Evento Teste 10 - Workshop - Gasto com Pessoal",
        "amount": "3060.00",
        "cost_type": "budget",
        "date": "2024-11-15",
        "paid": false,
        "receipt": null,
        "notes": "Custo de teste para o evento Evento Teste 10 - Workshop",
        "created_at": "2025-03-25T11:55:09.048Z",
        "updated_at": "2025-03-25T11:55:09.048Z"
    },
    {
        "id": 18,
        "event_id": 5,
        "category_id": 2,
        "description": "Custo 3 para Evento Teste 3 - Exposição - Transporte",
        "amount": "1953.00",
        "cost_type": "budget",
        "date": "2024-11-11",
        "paid": false,
        "receipt": null,
        "notes": "Custo de teste para o evento Evento Teste 3 - Exposição",
        "created_at": "2025-03-25T11:55:09.035Z",
        "updated_at": "2025-03-25T11:55:09.035Z"
    },
    {
        "id": 42,
        "event_id": 11,
        "category_id": 2,
        "description": "Custo 3 para Evento Teste 9 - Exposição - Transporte",
        "amount": "4106.00",
        "cost_type": "budget",
        "date": "2024-11-07",
        "paid": false,
        "receipt": null,
        "notes": "Custo de teste para o evento Evento Teste 9 - Exposição",
        "created_at": "2025-03-25T11:55:09.046Z",
        "updated_at": "2025-03-25T11:55:09.046Z"
    },
    {
        "id": 43,
        "event_id": 11,
        "category_id": 2,
        "description": "Custo 4 para Evento Teste 9 - Exposição - Transporte",
        "amount": "138.00",
        "cost_type": "budget",
        "date": "2024-10-21",
        "paid": false,
        "receipt": null,
        "notes": "Custo de teste para o evento Evento Teste 9 - Exposição",
        "created_at": "2025-03-25T11:55:09.046Z",
        "updated_at": "2025-03-25T11:55:09.046Z"
    },
    {
        "id": 55,
        "event_id": 14,
        "category_id": 2,
        "description": "Custo 5 para Evento Teste 12 - Congresso - Transporte",
        "amount": "3920.00",
        "cost_type": "actual",
        "date": "2024-10-20",
        "paid": true,
        "receipt": null,
        "notes": "Custo de teste para o evento Evento Teste 12 - Congresso",
        "created_at": "2025-03-25T11:55:09.052Z",
        "updated_at": "2025-03-25T11:55:09.052Z"
    },
    {
        "id": 51,
        "event_id": 14,
        "category_id": 1,
        "description": "Custo 1 para Evento Teste 12 - Congresso - Gasto com Pessoal",
        "amount": "1277.00",
        "cost_type": "actual",
        "date": "2024-10-19",
        "paid": true,
        "receipt": null,
        "notes": "Custo de teste para o evento Evento Teste 12 - Congresso",
        "created_at": "2025-03-25T11:55:09.052Z",
        "updated_at": "2025-03-25T11:55:09.052Z"
    },
    {
        "id": 54,
        "event_id": 14,
        "category_id": 1,
        "description": "Custo 4 para Evento Teste 12 - Congresso - Gasto com Pessoal",
        "amount": "2928.00",
        "cost_type": "actual",
        "date": "2024-10-17",
        "paid": false,
        "receipt": null,
        "notes": "Custo de teste para o evento Evento Teste 12 - Congresso",
        "created_at": "2025-03-25T11:55:09.052Z",
        "updated_at": "2025-03-25T11:55:09.052Z"
    },
    {
        "id": 56,
        "event_id": 14,
        "category_id": 1,
        "description": "Custo 6 para Evento Teste 12 - Congresso - Gasto com Pessoal",
        "amount": "2883.00",
        "cost_type": "actual",
        "date": "2024-10-15",
        "paid": true,
        "receipt": null,
        "notes": "Custo de teste para o evento Evento Teste 12 - Congresso",
        "created_at": "2025-03-25T11:55:09.052Z",
        "updated_at": "2025-03-25T11:55:09.052Z"
    },
    {
        "id": 52,
        "event_id": 14,
        "category_id": 1,
        "description": "Custo 2 para Evento Teste 12 - Congresso - Gasto com Pessoal",
        "amount": "4305.00",
        "cost_type": "budget",
        "date": "2024-10-03",
        "paid": false,
        "receipt": null,
        "notes": "Custo de teste para o evento Evento Teste 12 - Congresso",
        "created_at": "2025-03-25T11:55:09.052Z",
        "updated_at": "2025-03-25T11:55:09.052Z"
    },
    {
        "id": 53,
        "event_id": 14,
        "category_id": 1,
        "description": "Custo 3 para Evento Teste 12 - Congresso - Gasto com Pessoal",
        "amount": "1038.00",
        "cost_type": "budget",
        "date": "2024-09-28",
        "paid": true,
        "receipt": null,
        "notes": "Custo de teste para o evento Evento Teste 12 - Congresso",
        "created_at": "2025-03-25T11:55:09.052Z",
        "updated_at": "2025-03-25T11:55:09.052Z"
    },
    {
        "id": 57,
        "event_id": 14,
        "category_id": 2,
        "description": "Custo 7 para Evento Teste 12 - Congresso - Transporte",
        "amount": "367.00",
        "cost_type": "budget",
        "date": "2024-09-22",
        "paid": false,
        "receipt": null,
        "notes": "Custo de teste para o evento Evento Teste 12 - Congresso",
        "created_at": "2025-03-25T11:55:09.052Z",
        "updated_at": "2025-03-25T11:55:09.052Z"
    }
]