[
    {
        "id": 1,
        "event_id": 2,
        "person_id": 1,
        "role_id": 2,
        "value": "150.00",
        "observations": "zxszxdf",
        "created_at": "2025-03-20T23:59:06.854Z",
        "updated_at": "2025-03-20T23:59:06.854Z"
    },
    {
        "id": 2,
        "event_id": 2,
        "person_id": 2,
        "role_id": 2,
        "value": "120.00",
        "observations": "",
        "created_at": "2025-03-20T23:59:34.172Z",
        "updated_at": "2025-03-20T23:59:34.172Z"
    },
    {
        "id": 3,
        "event_id": 3,
        "person_id": 12,
        "role_id": 2,
        "value": "120.00",
        "observations": "Participante de teste para o evento Evento Teste 1 - Seminário",
        "created_at": "2025-03-25T11:55:09.025Z",
        "updated_at": "2025-03-25T11:55:09.025Z"
    },
    {
        "id": 4,
        "event_id": 3,
        "person_id": 23,
        "role_id": 2,
        "value": "120.00",
        "observations": "Participante de teste para o evento Evento Teste 1 - Seminário",
        "created_at": "2025-03-25T11:55:09.028Z",
        "updated_at": "2025-03-25T11:55:09.028Z"
    },
    {
        "id": 5,
        "event_id": 3,
        "person_id": 3,
        "role_id": 2,
        "value": "120.00",
        "observations": "Participante de teste para o evento Evento Teste 1 - Seminário",
        "created_at": "2025-03-25T11:55:09.028Z",
        "updated_at": "2025-03-25T11:55:09.028Z"
    },
    {
        "id": 6,
        "event_id": 3,
        "person_id": 10,
        "role_id": 2,
        "value": "120.00",
        "observations": "Participante de teste para o evento Evento Teste 1 - Seminário",
        "created_at": "2025-03-25T11:55:09.028Z",
        "updated_at": "2025-03-25T11:55:09.028Z"
    },
    {
        "id": 7,
        "event_id": 3,
        "person_id": 7,
        "role_id": 2,
        "value": "120.00",
        "observations": "Participante de teste para o evento Evento Teste 1 - Seminário",
        "created_at": "2025-03-25T11:55:09.028Z",
        "updated_at": "2025-03-25T11:55:09.028Z"
    },
    {
        "id": 8,
        "event_id": 3,
        "person_id": 15,
        "role_id": 2,
        "value": "120.00",
        "observations": "Participante de teste para o evento Evento Teste 1 - Seminário",
        "created_at": "2025-03-25T11:55:09.028Z",
        "updated_at": "2025-03-25T11:55:09.028Z"
    },
    {
        "id": 9,
        "event_id": 3,
        "person_id": 2,
        "role_id": 1,
        "value": "150.00",
        "observations": "Participante de teste para o evento Evento Teste 1 - Seminário",
        "created_at": "2025-03-25T11:55:09.028Z",
        "updated_at": "2025-03-25T11:55:09.028Z"
    },
    {
        "id": 10,
        "event_id": 3,
        "person_id": 11,
        "role_id": 2,
        "value": "120.00",
        "observations": "Participante de teste para o evento Evento Teste 1 - Seminário",
        "created_at": "2025-03-25T11:55:09.028Z",
        "updated_at": "2025-03-25T11:55:09.028Z"
    },
    {
        "id": 11,
        "event_id": 3,
        "person_id": 14,
        "role_id": 1,
        "value": "150.00",
        "observations": "Participante de teste para o evento Evento Teste 1 - Seminário",
        "created_at": "2025-03-25T11:55:09.029Z",
        "updated_at": "2025-03-25T11:55:09.029Z"
    },
    {
        "id": 12,
        "event_id": 3,
        "person_id": 22,
        "role_id": 2,
        "value": "120.00",
        "observations": "Participante de teste para o evento Evento Teste 1 - Seminário",
        "created_at": "2025-03-25T11:55:09.029Z",
        "updated_at": "2025-03-25T11:55:09.029Z"
    },
    {
        "id": 13,
        "event_id": 3,
        "person_id": 4,
        "role_id": 1,
        "value": "150.00",
        "observations": "Participante de teste para o evento Evento Teste 1 - Seminário",
        "created_at": "2025-03-25T11:55:09.029Z",
        "updated_at": "2025-03-25T11:55:09.029Z"
    },
    {
        "id": 14,
        "event_id": 3,
        "person_id": 16,
        "role_id": 2,
        "value": "120.00",
        "observations": "Participante de teste para o evento Evento Teste 1 - Seminário",
        "created_at": "2025-03-25T11:55:09.029Z",
        "updated_at": "2025-03-25T11:55:09.029Z"
    },
    {
        "id": 15,
        "event_id": 3,
        "person_id": 17,
        "role_id": 2,
        "value": "120.00",
        "observations": "Participante de teste para o evento Evento Teste 1 - Seminário",
        "created_at": "2025-03-25T11:55:09.029Z",
        "updated_at": "2025-03-25T11:55:09.029Z"
    },
    {
        "id": 16,
        "event_id": 3,
        "person_id": 8,
        "role_id": 2,
        "value": "120.00",
        "observations": "Participante de teste para o evento Evento Teste 1 - Seminário",
        "created_at": "2025-03-25T11:55:09.029Z",
        "updated_at": "2025-03-25T11:55:09.029Z"
    },
    {
        "id": 17,
        "event_id": 4,
        "person_id": 19,
        "role_id": 2,
        "value": "120.00",
        "observations": "Participante de teste para o evento Evento Teste 2 - Workshop",
        "created_at": "2025-03-25T11:55:09.032Z",
        "updated_at": "2025-03-25T11:55:09.032Z"
    },
    {
        "id": 18,
        "event_id": 4,
        "person_id": 6,
        "role_id": 1,
        "value": "150.00",
        "observations": "Participante de teste para o evento Evento Teste 2 - Workshop",
        "created_at": "2025-03-25T11:55:09.032Z",
        "updated_at": "2025-03-25T11:55:09.032Z"
    },
    {
        "id": 19,
        "event_id": 4,
        "person_id": 10,
        "role_id": 1,
        "value": "150.00",
        "observations": "Participante de teste para o evento Evento Teste 2 - Workshop",
        "created_at": "2025-03-25T11:55:09.032Z",
        "updated_at": "2025-03-25T11:55:09.032Z"
    },
    {
        "id": 20,
        "event_id": 4,
        "person_id": 3,
        "role_id": 1,
        "value": "150.00",
        "observations": "Participante de teste para o evento Evento Teste 2 - Workshop",
        "created_at": "2025-03-25T11:55:09.032Z",
        "updated_at": "2025-03-25T11:55:09.032Z"
    },
    {
        "id": 21,
        "event_id": 4,
        "person_id": 17,
        "role_id": 2,
        "value": "120.00",
        "observations": "Participante de teste para o evento Evento Teste 2 - Workshop",
        "created_at": "2025-03-25T11:55:09.032Z",
        "updated_at": "2025-03-25T11:55:09.032Z"
    },
    {
        "id": 22,
        "event_id": 4,
        "person_id": 11,
        "role_id": 1,
        "value": "150.00",
        "observations": "Participante de teste para o evento Evento Teste 2 - Workshop",
        "created_at": "2025-03-25T11:55:09.032Z",
        "updated_at": "2025-03-25T11:55:09.032Z"
    },
    {
        "id": 23,
        "event_id": 4,
        "person_id": 9,
        "role_id": 2,
        "value": "120.00",
        "observations": "Participante de teste para o evento Evento Teste 2 - Workshop",
        "created_at": "2025-03-25T11:55:09.032Z",
        "updated_at": "2025-03-25T11:55:09.032Z"
    },
    {
        "id": 24,
        "event_id": 5,
        "person_id": 8,
        "role_id": 2,
        "value": "120.00",
        "observations": "Participante de teste para o evento Evento Teste 3 - Exposição",
        "created_at": "2025-03-25T11:55:09.034Z",
        "updated_at": "2025-03-25T11:55:09.034Z"
    },
    {
        "id": 25,
        "event_id": 5,
        "person_id": 23,
        "role_id": 2,
        "value": "120.00",
        "observations": "Participante de teste para o evento Evento Teste 3 - Exposição",
        "created_at": "2025-03-25T11:55:09.034Z",
        "updated_at": "2025-03-25T11:55:09.034Z"
    },
    {
        "id": 26,
        "event_id": 5,
        "person_id": 2,
        "role_id": 1,
        "value": "150.00",
        "observations": "Participante de teste para o evento Evento Teste 3 - Exposição",
        "created_at": "2025-03-25T11:55:09.034Z",
        "updated_at": "2025-03-25T11:55:09.034Z"
    },
    {
        "id": 27,
        "event_id": 5,
        "person_id": 3,
        "role_id": 1,
        "value": "150.00",
        "observations": "Participante de teste para o evento Evento Teste 3 - Exposição",
        "created_at": "2025-03-25T11:55:09.034Z",
        "updated_at": "2025-03-25T11:55:09.034Z"
    },
    {
        "id": 28,
        "event_id": 5,
        "person_id": 9,
        "role_id": 1,
        "value": "150.00",
        "observations": "Participante de teste para o evento Evento Teste 3 - Exposição",
        "created_at": "2025-03-25T11:55:09.034Z",
        "updated_at": "2025-03-25T11:55:09.034Z"
    },
    {
        "id": 29,
        "event_id": 5,
        "person_id": 17,
        "role_id": 2,
        "value": "120.00",
        "observations": "Participante de teste para o evento Evento Teste 3 - Exposição",
        "created_at": "2025-03-25T11:55:09.034Z",
        "updated_at": "2025-03-25T11:55:09.034Z"
    },
    {
        "id": 30,
        "event_id": 5,
        "person_id": 1,
        "role_id": 2,
        "value": "120.00",
        "observations": "Participante de teste para o evento Evento Teste 3 - Exposição",
        "created_at": "2025-03-25T11:55:09.034Z",
        "updated_at": "2025-03-25T11:55:09.034Z"
    },
    {
        "id": 31,
        "event_id": 5,
        "person_id": 12,
        "role_id": 2,
        "value": "120.00",
        "observations": "Participante de teste para o evento Evento Teste 3 - Exposição",
        "created_at": "2025-03-25T11:55:09.034Z",
        "updated_at": "2025-03-25T11:55:09.034Z"
    },
    {
        "id": 32,
        "event_id": 5,
        "person_id": 16,
        "role_id": 2,
        "value": "120.00",
        "observations": "Participante de teste para o evento Evento Teste 3 - Exposição",
        "created_at": "2025-03-25T11:55:09.034Z",
        "updated_at": "2025-03-25T11:55:09.034Z"
    },
    {
        "id": 33,
        "event_id": 5,
        "person_id": 7,
        "role_id": 2,
        "value": "120.00",
        "observations": "Participante de teste para o evento Evento Teste 3 - Exposição",
        "created_at": "2025-03-25T11:55:09.035Z",
        "updated_at": "2025-03-25T11:55:09.035Z"
    },
    {
        "id": 34,
        "event_id": 5,
        "person_id": 22,
        "role_id": 1,
        "value": "150.00",
        "observations": "Participante de teste para o evento Evento Teste 3 - Exposição",
        "created_at": "2025-03-25T11:55:09.035Z",
        "updated_at": "2025-03-25T11:55:09.035Z"
    },
    {
        "id": 35,
        "event_id": 5,
        "person_id": 4,
        "role_id": 1,
        "value": "150.00",
        "observations": "Participante de teste para o evento Evento Teste 3 - Exposição",
        "created_at": "2025-03-25T11:55:09.035Z",
        "updated_at": "2025-03-25T11:55:09.035Z"
    },
    {
        "id": 36,
        "event_id": 5,
        "person_id": 10,
        "role_id": 1,
        "value": "150.00",
        "observations": "Participante de teste para o evento Evento Teste 3 - Exposição",
        "created_at": "2025-03-25T11:55:09.035Z",
        "updated_at": "2025-03-25T11:55:09.035Z"
    },
    {
        "id": 37,
        "event_id": 5,
        "person_id": 21,
        "role_id": 2,
        "value": "120.00",
        "observations": "Participante de teste para o evento Evento Teste 3 - Exposição",
        "created_at": "2025-03-25T11:55:09.035Z",
        "updated_at": "2025-03-25T11:55:09.035Z"
    },
    {
        "id": 38,
        "event_id": 6,
        "person_id": 13,
        "role_id": 2,
        "value": "120.00",
        "observations": "Participante de teste para o evento Evento Teste 4 - Seminário",
        "created_at": "2025-03-25T11:55:09.036Z",
        "updated_at": "2025-03-25T11:55:09.036Z"
    },
    {
        "id": 39,
        "event_id": 6,
        "person_id": 2,
        "role_id": 1,
        "value": "150.00",
        "observations": "Participante de teste para o evento Evento Teste 4 - Seminário",
        "created_at": "2025-03-25T11:55:09.036Z",
        "updated_at": "2025-03-25T11:55:09.036Z"
    },
    {
        "id": 40,
        "event_id": 6,
        "person_id": 16,
        "role_id": 2,
        "value": "120.00",
        "observations": "Participante de teste para o evento Evento Teste 4 - Seminário",
        "created_at": "2025-03-25T11:55:09.037Z",
        "updated_at": "2025-03-25T11:55:09.037Z"
    },
    {
        "id": 41,
        "event_id": 6,
        "person_id": 21,
        "role_id": 2,
        "value": "120.00",
        "observations": "Participante de teste para o evento Evento Teste 4 - Seminário",
        "created_at": "2025-03-25T11:55:09.037Z",
        "updated_at": "2025-03-25T11:55:09.037Z"
    },
    {
        "id": 42,
        "event_id": 6,
        "person_id": 9,
        "role_id": 2,
        "value": "120.00",
        "observations": "Participante de teste para o evento Evento Teste 4 - Seminário",
        "created_at": "2025-03-25T11:55:09.037Z",
        "updated_at": "2025-03-25T11:55:09.037Z"
    },
    {
        "id": 43,
        "event_id": 6,
        "person_id": 12,
        "role_id": 1,
        "value": "150.00",
        "observations": "Participante de teste para o evento Evento Teste 4 - Seminário",
        "created_at": "2025-03-25T11:55:09.037Z",
        "updated_at": "2025-03-25T11:55:09.037Z"
    },
    {
        "id": 44,
        "event_id": 6,
        "person_id": 23,
        "role_id": 2,
        "value": "120.00",
        "observations": "Participante de teste para o evento Evento Teste 4 - Seminário",
        "created_at": "2025-03-25T11:55:09.037Z",
        "updated_at": "2025-03-25T11:55:09.037Z"
    },
    {
        "id": 45,
        "event_id": 7,
        "person_id": 15,
        "role_id": 2,
        "value": "120.00",
        "observations": "Participante de teste para o evento Evento Teste 5 - Exposição",
        "created_at": "2025-03-25T11:55:09.038Z",
        "updated_at": "2025-03-25T11:55:09.038Z"
    },
    {
        "id": 46,
        "event_id": 7,
        "person_id": 19,
        "role_id": 1,
        "value": "150.00",
        "observations": "Participante de teste para o evento Evento Teste 5 - Exposição",
        "created_at": "2025-03-25T11:55:09.038Z",
        "updated_at": "2025-03-25T11:55:09.038Z"
    },
    {
        "id": 47,
        "event_id": 7,
        "person_id": 3,
        "role_id": 1,
        "value": "150.00",
        "observations": "Participante de teste para o evento Evento Teste 5 - Exposição",
        "created_at": "2025-03-25T11:55:09.038Z",
        "updated_at": "2025-03-25T11:55:09.038Z"
    },
    {
        "id": 48,
        "event_id": 7,
        "person_id": 10,
        "role_id": 2,
        "value": "120.00",
        "observations": "Participante de teste para o evento Evento Teste 5 - Exposição",
        "created_at": "2025-03-25T11:55:09.038Z",
        "updated_at": "2025-03-25T11:55:09.038Z"
    },
    {
        "id": 49,
        "event_id": 7,
        "person_id": 18,
        "role_id": 2,
        "value": "120.00",
        "observations": "Participante de teste para o evento Evento Teste 5 - Exposição",
        "created_at": "2025-03-25T11:55:09.038Z",
        "updated_at": "2025-03-25T11:55:09.038Z"
    },
    {
        "id": 50,
        "event_id": 7,
        "person_id": 14,
        "role_id": 2,
        "value": "120.00",
        "observations": "Participante de teste para o evento Evento Teste 5 - Exposição",
        "created_at": "2025-03-25T11:55:09.038Z",
        "updated_at": "2025-03-25T11:55:09.038Z"
    },
    {
        "id": 51,
        "event_id": 7,
        "person_id": 5,
        "role_id": 1,
        "value": "150.00",
        "observations": "Participante de teste para o evento Evento Teste 5 - Exposição",
        "created_at": "2025-03-25T11:55:09.038Z",
        "updated_at": "2025-03-25T11:55:09.038Z"
    },
    {
        "id": 52,
        "event_id": 7,
        "person_id": 16,
        "role_id": 1,
        "value": "150.00",
        "observations": "Participante de teste para o evento Evento Teste 5 - Exposição",
        "created_at": "2025-03-25T11:55:09.038Z",
        "updated_at": "2025-03-25T11:55:09.038Z"
    },
    {
        "id": 53,
        "event_id": 7,
        "person_id": 21,
        "role_id": 2,
        "value": "120.00",
        "observations": "Participante de teste para o evento Evento Teste 5 - Exposição",
        "created_at": "2025-03-25T11:55:09.038Z",
        "updated_at": "2025-03-25T11:55:09.038Z"
    },
    {
        "id": 54,
        "event_id": 7,
        "person_id": 2,
        "role_id": 2,
        "value": "120.00",
        "observations": "Participante de teste para o evento Evento Teste 5 - Exposição",
        "created_at": "2025-03-25T11:55:09.038Z",
        "updated_at": "2025-03-25T11:55:09.038Z"
    },
    {
        "id": 55,
        "event_id": 7,
        "person_id": 8,
        "role_id": 1,
        "value": "150.00",
        "observations": "Participante de teste para o evento Evento Teste 5 - Exposição",
        "created_at": "2025-03-25T11:55:09.038Z",
        "updated_at": "2025-03-25T11:55:09.038Z"
    },
    {
        "id": 56,
        "event_id": 7,
        "person_id": 20,
        "role_id": 2,
        "value": "120.00",
        "observations": "Participante de teste para o evento Evento Teste 5 - Exposição",
        "created_at": "2025-03-25T11:55:09.038Z",
        "updated_at": "2025-03-25T11:55:09.038Z"
    },
    {
        "id": 57,
        "event_id": 7,
        "person_id": 22,
        "role_id": 1,
        "value": "150.00",
        "observations": "Participante de teste para o evento Evento Teste 5 - Exposição",
        "created_at": "2025-03-25T11:55:09.038Z",
        "updated_at": "2025-03-25T11:55:09.038Z"
    },
    {
        "id": 58,
        "event_id": 7,
        "person_id": 7,
        "role_id": 1,
        "value": "150.00",
        "observations": "Participante de teste para o evento Evento Teste 5 - Exposição",
        "created_at": "2025-03-25T11:55:09.038Z",
        "updated_at": "2025-03-25T11:55:09.038Z"
    },
    {
        "id": 59,
        "event_id": 8,
        "person_id": 1,
        "role_id": 2,
        "value": "120.00",
        "observations": "Participante de teste para o evento Evento Teste 6 - Congresso",
        "created_at": "2025-03-25T11:55:09.039Z",
        "updated_at": "2025-03-25T11:55:09.039Z"
    },
    {
        "id": 60,
        "event_id": 8,
        "person_id": 2,
        "role_id": 1,
        "value": "150.00",
        "observations": "Participante de teste para o evento Evento Teste 6 - Congresso",
        "created_at": "2025-03-25T11:55:09.039Z",
        "updated_at": "2025-03-25T11:55:09.039Z"
    },
    {
        "id": 61,
        "event_id": 8,
        "person_id": 23,
        "role_id": 2,
        "value": "120.00",
        "observations": "Participante de teste para o evento Evento Teste 6 - Congresso",
        "created_at": "2025-03-25T11:55:09.039Z",
        "updated_at": "2025-03-25T11:55:09.039Z"
    },
    {
        "id": 62,
        "event_id": 8,
        "person_id": 6,
        "role_id": 1,
        "value": "150.00",
        "observations": "Participante de teste para o evento Evento Teste 6 - Congresso",
        "created_at": "2025-03-25T11:55:09.039Z",
        "updated_at": "2025-03-25T11:55:09.039Z"
    },
    {
        "id": 63,
        "event_id": 8,
        "person_id": 16,
        "role_id": 2,
        "value": "120.00",
        "observations": "Participante de teste para o evento Evento Teste 6 - Congresso",
        "created_at": "2025-03-25T11:55:09.039Z",
        "updated_at": "2025-03-25T11:55:09.039Z"
    },
    {
        "id": 64,
        "event_id": 8,
        "person_id": 11,
        "role_id": 2,
        "value": "120.00",
        "observations": "Participante de teste para o evento Evento Teste 6 - Congresso",
        "created_at": "2025-03-25T11:55:09.039Z",
        "updated_at": "2025-03-25T11:55:09.039Z"
    },
    {
        "id": 65,
        "event_id": 9,
        "person_id": 15,
        "role_id": 1,
        "value": "150.00",
        "observations": "Participante de teste para o evento Evento Teste 7 - Workshop",
        "created_at": "2025-03-25T11:55:09.041Z",
        "updated_at": "2025-03-25T11:55:09.041Z"
    },
    {
        "id": 66,
        "event_id": 9,
        "person_id": 10,
        "role_id": 1,
        "value": "150.00",
        "observations": "Participante de teste para o evento Evento Teste 7 - Workshop",
        "created_at": "2025-03-25T11:55:09.041Z",
        "updated_at": "2025-03-25T11:55:09.041Z"
    },
    {
        "id": 67,
        "event_id": 9,
        "person_id": 5,
        "role_id": 1,
        "value": "150.00",
        "observations": "Participante de teste para o evento Evento Teste 7 - Workshop",
        "created_at": "2025-03-25T11:55:09.041Z",
        "updated_at": "2025-03-25T11:55:09.041Z"
    },
    {
        "id": 68,
        "event_id": 9,
        "person_id": 8,
        "role_id": 1,
        "value": "150.00",
        "observations": "Participante de teste para o evento Evento Teste 7 - Workshop",
        "created_at": "2025-03-25T11:55:09.041Z",
        "updated_at": "2025-03-25T11:55:09.041Z"
    },
    {
        "id": 69,
        "event_id": 9,
        "person_id": 6,
        "role_id": 2,
        "value": "120.00",
        "observations": "Participante de teste para o evento Evento Teste 7 - Workshop",
        "created_at": "2025-03-25T11:55:09.041Z",
        "updated_at": "2025-03-25T11:55:09.041Z"
    },
    {
        "id": 70,
        "event_id": 9,
        "person_id": 18,
        "role_id": 2,
        "value": "120.00",
        "observations": "Participante de teste para o evento Evento Teste 7 - Workshop",
        "created_at": "2025-03-25T11:55:09.041Z",
        "updated_at": "2025-03-25T11:55:09.041Z"
    },
    {
        "id": 71,
        "event_id": 10,
        "person_id": 4,
        "role_id": 2,
        "value": "120.00",
        "observations": "Participante de teste para o evento Evento Teste 8 - Exposição",
        "created_at": "2025-03-25T11:55:09.042Z",
        "updated_at": "2025-03-25T11:55:09.042Z"
    },
    {
        "id": 72,
        "event_id": 10,
        "person_id": 2,
        "role_id": 2,
        "value": "120.00",
        "observations": "Participante de teste para o evento Evento Teste 8 - Exposição",
        "created_at": "2025-03-25T11:55:09.042Z",
        "updated_at": "2025-03-25T11:55:09.042Z"
    },
    {
        "id": 73,
        "event_id": 10,
        "person_id": 10,
        "role_id": 2,
        "value": "120.00",
        "observations": "Participante de teste para o evento Evento Teste 8 - Exposição",
        "created_at": "2025-03-25T11:55:09.043Z",
        "updated_at": "2025-03-25T11:55:09.043Z"
    },
    {
        "id": 74,
        "event_id": 10,
        "person_id": 7,
        "role_id": 1,
        "value": "150.00",
        "observations": "Participante de teste para o evento Evento Teste 8 - Exposição",
        "created_at": "2025-03-25T11:55:09.043Z",
        "updated_at": "2025-03-25T11:55:09.043Z"
    },
    {
        "id": 75,
        "event_id": 10,
        "person_id": 20,
        "role_id": 2,
        "value": "120.00",
        "observations": "Participante de teste para o evento Evento Teste 8 - Exposição",
        "created_at": "2025-03-25T11:55:09.043Z",
        "updated_at": "2025-03-25T11:55:09.043Z"
    },
    {
        "id": 76,
        "event_id": 10,
        "person_id": 3,
        "role_id": 1,
        "value": "150.00",
        "observations": "Participante de teste para o evento Evento Teste 8 - Exposição",
        "created_at": "2025-03-25T11:55:09.043Z",
        "updated_at": "2025-03-25T11:55:09.043Z"
    },
    {
        "id": 77,
        "event_id": 10,
        "person_id": 6,
        "role_id": 2,
        "value": "120.00",
        "observations": "Participante de teste para o evento Evento Teste 8 - Exposição",
        "created_at": "2025-03-25T11:55:09.043Z",
        "updated_at": "2025-03-25T11:55:09.043Z"
    },
    {
        "id": 78,
        "event_id": 10,
        "person_id": 15,
        "role_id": 1,
        "value": "150.00",
        "observations": "Participante de teste para o evento Evento Teste 8 - Exposição",
        "created_at": "2025-03-25T11:55:09.043Z",
        "updated_at": "2025-03-25T11:55:09.043Z"
    },
    {
        "id": 79,
        "event_id": 10,
        "person_id": 1,
        "role_id": 1,
        "value": "150.00",
        "observations": "Participante de teste para o evento Evento Teste 8 - Exposição",
        "created_at": "2025-03-25T11:55:09.043Z",
        "updated_at": "2025-03-25T11:55:09.043Z"
    },
    {
        "id": 80,
        "event_id": 11,
        "person_id": 1,
        "role_id": 1,
        "value": "150.00",
        "observations": "Participante de teste para o evento Evento Teste 9 - Exposição",
        "created_at": "2025-03-25T11:55:09.045Z",
        "updated_at": "2025-03-25T11:55:09.045Z"
    },
    {
        "id": 81,
        "event_id": 11,
        "person_id": 19,
        "role_id": 2,
        "value": "120.00",
        "observations": "Participante de teste para o evento Evento Teste 9 - Exposição",
        "created_at": "2025-03-25T11:55:09.045Z",
        "updated_at": "2025-03-25T11:55:09.045Z"
    },
    {
        "id": 82,
        "event_id": 11,
        "person_id": 15,
        "role_id": 1,
        "value": "150.00",
        "observations": "Participante de teste para o evento Evento Teste 9 - Exposição",
        "created_at": "2025-03-25T11:55:09.046Z",
        "updated_at": "2025-03-25T11:55:09.046Z"
    },
    {
        "id": 83,
        "event_id": 11,
        "person_id": 16,
        "role_id": 2,
        "value": "120.00",
        "observations": "Participante de teste para o evento Evento Teste 9 - Exposição",
        "created_at": "2025-03-25T11:55:09.046Z",
        "updated_at": "2025-03-25T11:55:09.046Z"
    },
    {
        "id": 84,
        "event_id": 11,
        "person_id": 2,
        "role_id": 2,
        "value": "120.00",
        "observations": "Participante de teste para o evento Evento Teste 9 - Exposição",
        "created_at": "2025-03-25T11:55:09.046Z",
        "updated_at": "2025-03-25T11:55:09.046Z"
    },
    {
        "id": 85,
        "event_id": 12,
        "person_id": 19,
        "role_id": 2,
        "value": "120.00",
        "observations": "Participante de teste para o evento Evento Teste 10 - Workshop",
        "created_at": "2025-03-25T11:55:09.047Z",
        "updated_at": "2025-03-25T11:55:09.047Z"
    },
    {
        "id": 86,
        "event_id": 12,
        "person_id": 2,
        "role_id": 2,
        "value": "120.00",
        "observations": "Participante de teste para o evento Evento Teste 10 - Workshop",
        "created_at": "2025-03-25T11:55:09.047Z",
        "updated_at": "2025-03-25T11:55:09.047Z"
    },
    {
        "id": 87,
        "event_id": 12,
        "person_id": 4,
        "role_id": 2,
        "value": "120.00",
        "observations": "Participante de teste para o evento Evento Teste 10 - Workshop",
        "created_at": "2025-03-25T11:55:09.047Z",
        "updated_at": "2025-03-25T11:55:09.047Z"
    },
    {
        "id": 88,
        "event_id": 12,
        "person_id": 14,
        "role_id": 1,
        "value": "150.00",
        "observations": "Participante de teste para o evento Evento Teste 10 - Workshop",
        "created_at": "2025-03-25T11:55:09.047Z",
        "updated_at": "2025-03-25T11:55:09.047Z"
    },
    {
        "id": 89,
        "event_id": 12,
        "person_id": 9,
        "role_id": 1,
        "value": "150.00",
        "observations": "Participante de teste para o evento Evento Teste 10 - Workshop",
        "created_at": "2025-03-25T11:55:09.047Z",
        "updated_at": "2025-03-25T11:55:09.047Z"
    },
    {
        "id": 90,
        "event_id": 12,
        "person_id": 3,
        "role_id": 1,
        "value": "150.00",
        "observations": "Participante de teste para o evento Evento Teste 10 - Workshop",
        "created_at": "2025-03-25T11:55:09.047Z",
        "updated_at": "2025-03-25T11:55:09.047Z"
    },
    {
        "id": 91,
        "event_id": 12,
        "person_id": 1,
        "role_id": 1,
        "value": "150.00",
        "observations": "Participante de teste para o evento Evento Teste 10 - Workshop",
        "created_at": "2025-03-25T11:55:09.048Z",
        "updated_at": "2025-03-25T11:55:09.048Z"
    },
    {
        "id": 92,
        "event_id": 13,
        "person_id": 13,
        "role_id": 2,
        "value": "120.00",
        "observations": "Participante de teste para o evento Evento Teste 11 - Workshop",
        "created_at": "2025-03-25T11:55:09.049Z",
        "updated_at": "2025-03-25T11:55:09.049Z"
    },
    {
        "id": 93,
        "event_id": 13,
        "person_id": 2,
        "role_id": 1,
        "value": "150.00",
        "observations": "Participante de teste para o evento Evento Teste 11 - Workshop",
        "created_at": "2025-03-25T11:55:09.049Z",
        "updated_at": "2025-03-25T11:55:09.049Z"
    },
    {
        "id": 94,
        "event_id": 13,
        "person_id": 12,
        "role_id": 1,
        "value": "150.00",
        "observations": "Participante de teste para o evento Evento Teste 11 - Workshop",
        "created_at": "2025-03-25T11:55:09.049Z",
        "updated_at": "2025-03-25T11:55:09.049Z"
    },
    {
        "id": 95,
        "event_id": 13,
        "person_id": 22,
        "role_id": 2,
        "value": "120.00",
        "observations": "Participante de teste para o evento Evento Teste 11 - Workshop",
        "created_at": "2025-03-25T11:55:09.049Z",
        "updated_at": "2025-03-25T11:55:09.049Z"
    },
    {
        "id": 96,
        "event_id": 13,
        "person_id": 15,
        "role_id": 2,
        "value": "120.00",
        "observations": "Participante de teste para o evento Evento Teste 11 - Workshop",
        "created_at": "2025-03-25T11:55:09.049Z",
        "updated_at": "2025-03-25T11:55:09.049Z"
    },
    {
        "id": 97,
        "event_id": 13,
        "person_id": 9,
        "role_id": 2,
        "value": "120.00",
        "observations": "Participante de teste para o evento Evento Teste 11 - Workshop",
        "created_at": "2025-03-25T11:55:09.049Z",
        "updated_at": "2025-03-25T11:55:09.049Z"
    },
    {
        "id": 98,
        "event_id": 13,
        "person_id": 11,
        "role_id": 2,
        "value": "120.00",
        "observations": "Participante de teste para o evento Evento Teste 11 - Workshop",
        "created_at": "2025-03-25T11:55:09.049Z",
        "updated_at": "2025-03-25T11:55:09.049Z"
    },
    {
        "id": 99,
        "event_id": 13,
        "person_id": 7,
        "role_id": 1,
        "value": "150.00",
        "observations": "Participante de teste para o evento Evento Teste 11 - Workshop",
        "created_at": "2025-03-25T11:55:09.049Z",
        "updated_at": "2025-03-25T11:55:09.049Z"
    },
    {
        "id": 100,
        "event_id": 13,
        "person_id": 8,
        "role_id": 1,
        "value": "150.00",
        "observations": "Participante de teste para o evento Evento Teste 11 - Workshop",
        "created_at": "2025-03-25T11:55:09.049Z",
        "updated_at": "2025-03-25T11:55:09.049Z"
    },
    {
        "id": 101,
        "event_id": 13,
        "person_id": 16,
        "role_id": 1,
        "value": "150.00",
        "observations": "Participante de teste para o evento Evento Teste 11 - Workshop",
        "created_at": "2025-03-25T11:55:09.050Z",
        "updated_at": "2025-03-25T11:55:09.050Z"
    },
    {
        "id": 102,
        "event_id": 13,
        "person_id": 5,
        "role_id": 1,
        "value": "150.00",
        "observations": "Participante de teste para o evento Evento Teste 11 - Workshop",
        "created_at": "2025-03-25T11:55:09.050Z",
        "updated_at": "2025-03-25T11:55:09.050Z"
    },
    {
        "id": 103,
        "event_id": 13,
        "person_id": 17,
        "role_id": 1,
        "value": "150.00",
        "observations": "Participante de teste para o evento Evento Teste 11 - Workshop",
        "created_at": "2025-03-25T11:55:09.050Z",
        "updated_at": "2025-03-25T11:55:09.050Z"
    },
    {
        "id": 104,
        "event_id": 13,
        "person_id": 20,
        "role_id": 2,
        "value": "120.00",
        "observations": "Participante de teste para o evento Evento Teste 11 - Workshop",
        "created_at": "2025-03-25T11:55:09.050Z",
        "updated_at": "2025-03-25T11:55:09.050Z"
    },
    {
        "id": 105,
        "event_id": 14,
        "person_id": 2,
        "role_id": 1,
        "value": "150.00",
        "observations": "Participante de teste para o evento Evento Teste 12 - Congresso",
        "created_at": "2025-03-25T11:55:09.050Z",
        "updated_at": "2025-03-25T11:55:09.050Z"
    },
    {
        "id": 106,
        "event_id": 14,
        "person_id": 12,
        "role_id": 2,
        "value": "120.00",
        "observations": "Participante de teste para o evento Evento Teste 12 - Congresso",
        "created_at": "2025-03-25T11:55:09.050Z",
        "updated_at": "2025-03-25T11:55:09.050Z"
    },
    {
        "id": 107,
        "event_id": 14,
        "person_id": 18,
        "role_id": 2,
        "value": "120.00",
        "observations": "Participante de teste para o evento Evento Teste 12 - Congresso",
        "created_at": "2025-03-25T11:55:09.050Z",
        "updated_at": "2025-03-25T11:55:09.050Z"
    },
    {
        "id": 108,
        "event_id": 14,
        "person_id": 1,
        "role_id": 1,
        "value": "150.00",
        "observations": "Participante de teste para o evento Evento Teste 12 - Congresso",
        "created_at": "2025-03-25T11:55:09.051Z",
        "updated_at": "2025-03-25T11:55:09.051Z"
    },
    {
        "id": 109,
        "event_id": 14,
        "person_id": 23,
        "role_id": 2,
        "value": "120.00",
        "observations": "Participante de teste para o evento Evento Teste 12 - Congresso",
        "created_at": "2025-03-25T11:55:09.051Z",
        "updated_at": "2025-03-25T11:55:09.051Z"
    },
    {
        "id": 110,
        "event_id": 14,
        "person_id": 21,
        "role_id": 1,
        "value": "150.00",
        "observations": "Participante de teste para o evento Evento Teste 12 - Congresso",
        "created_at": "2025-03-25T11:55:09.051Z",
        "updated_at": "2025-03-25T11:55:09.051Z"
    },
    {
        "id": 111,
        "event_id": 14,
        "person_id": 8,
        "role_id": 2,
        "value": "120.00",
        "observations": "Participante de teste para o evento Evento Teste 12 - Congresso",
        "created_at": "2025-03-25T11:55:09.051Z",
        "updated_at": "2025-03-25T11:55:09.051Z"
    },
    {
        "id": 112,
        "event_id": 14,
        "person_id": 9,
        "role_id": 1,
        "value": "150.00",
        "observations": "Participante de teste para o evento Evento Teste 12 - Congresso",
        "created_at": "2025-03-25T11:55:09.051Z",
        "updated_at": "2025-03-25T11:55:09.051Z"
    },
    {
        "id": 113,
        "event_id": 14,
        "person_id": 14,
        "role_id": 2,
        "value": "120.00",
        "observations": "Participante de teste para o evento Evento Teste 12 - Congresso",
        "created_at": "2025-03-25T11:55:09.051Z",
        "updated_at": "2025-03-25T11:55:09.051Z"
    },
    {
        "id": 114,
        "event_id": 14,
        "person_id": 22,
        "role_id": 1,
        "value": "150.00",
        "observations": "Participante de teste para o evento Evento Teste 12 - Congresso",
        "created_at": "2025-03-25T11:55:09.051Z",
        "updated_at": "2025-03-25T11:55:09.051Z"
    },
    {
        "id": 115,
        "event_id": 14,
        "person_id": 20,
        "role_id": 2,
        "value": "120.00",
        "observations": "Participante de teste para o evento Evento Teste 12 - Congresso",
        "created_at": "2025-03-25T11:55:09.051Z",
        "updated_at": "2025-03-25T11:55:09.051Z"
    },
    {
        "id": 116,
        "event_id": 15,
        "person_id": 11,
        "role_id": 2,
        "value": "120.00",
        "observations": "Participante de teste para o evento Evento Teste 13 - Seminário",
        "created_at": "2025-03-25T11:55:09.053Z",
        "updated_at": "2025-03-25T11:55:09.053Z"
    },
    {
        "id": 117,
        "event_id": 15,
        "person_id": 20,
        "role_id": 2,
        "value": "120.00",
        "observations": "Participante de teste para o evento Evento Teste 13 - Seminário",
        "created_at": "2025-03-25T11:55:09.053Z",
        "updated_at": "2025-03-25T11:55:09.053Z"
    },
    {
        "id": 118,
        "event_id": 15,
        "person_id": 15,
        "role_id": 1,
        "value": "150.00",
        "observations": "Participante de teste para o evento Evento Teste 13 - Seminário",
        "created_at": "2025-03-25T11:55:09.053Z",
        "updated_at": "2025-03-25T11:55:09.053Z"
    },
    {
        "id": 119,
        "event_id": 15,
        "person_id": 8,
        "role_id": 1,
        "value": "150.00",
        "observations": "Participante de teste para o evento Evento Teste 13 - Seminário",
        "created_at": "2025-03-25T11:55:09.053Z",
        "updated_at": "2025-03-25T11:55:09.053Z"
    },
    {
        "id": 120,
        "event_id": 15,
        "person_id": 13,
        "role_id": 2,
        "value": "120.00",
        "observations": "Participante de teste para o evento Evento Teste 13 - Seminário",
        "created_at": "2025-03-25T11:55:09.053Z",
        "updated_at": "2025-03-25T11:55:09.053Z"
    },
    {
        "id": 121,
        "event_id": 15,
        "person_id": 19,
        "role_id": 1,
        "value": "150.00",
        "observations": "Participante de teste para o evento Evento Teste 13 - Seminário",
        "created_at": "2025-03-25T11:55:09.053Z",
        "updated_at": "2025-03-25T11:55:09.053Z"
    },
    {
        "id": 122,
        "event_id": 15,
        "person_id": 5,
        "role_id": 2,
        "value": "120.00",
        "observations": "Participante de teste para o evento Evento Teste 13 - Seminário",
        "created_at": "2025-03-25T11:55:09.053Z",
        "updated_at": "2025-03-25T11:55:09.053Z"
    },
    {
        "id": 123,
        "event_id": 15,
        "person_id": 16,
        "role_id": 2,
        "value": "120.00",
        "observations": "Participante de teste para o evento Evento Teste 13 - Seminário",
        "created_at": "2025-03-25T11:55:09.054Z",
        "updated_at": "2025-03-25T11:55:09.054Z"
    },
    {
        "id": 124,
        "event_id": 15,
        "person_id": 18,
        "role_id": 2,
        "value": "120.00",
        "observations": "Participante de teste para o evento Evento Teste 13 - Seminário",
        "created_at": "2025-03-25T11:55:09.054Z",
        "updated_at": "2025-03-25T11:55:09.054Z"
    },
    {
        "id": 125,
        "event_id": 15,
        "person_id": 6,
        "role_id": 2,
        "value": "120.00",
        "observations": "Participante de teste para o evento Evento Teste 13 - Seminário",
        "created_at": "2025-03-25T11:55:09.054Z",
        "updated_at": "2025-03-25T11:55:09.054Z"
    },
    {
        "id": 126,
        "event_id": 16,
        "person_id": 18,
        "role_id": 2,
        "value": "120.00",
        "observations": "Participante de teste para o evento Evento Teste 14 - Workshop",
        "created_at": "2025-03-25T11:55:09.055Z",
        "updated_at": "2025-03-25T11:55:09.055Z"
    },
    {
        "id": 127,
        "event_id": 16,
        "person_id": 6,
        "role_id": 2,
        "value": "120.00",
        "observations": "Participante de teste para o evento Evento Teste 14 - Workshop",
        "created_at": "2025-03-25T11:55:09.055Z",
        "updated_at": "2025-03-25T11:55:09.055Z"
    },
    {
        "id": 128,
        "event_id": 16,
        "person_id": 23,
        "role_id": 1,
        "value": "150.00",
        "observations": "Participante de teste para o evento Evento Teste 14 - Workshop",
        "created_at": "2025-03-25T11:55:09.055Z",
        "updated_at": "2025-03-25T11:55:09.055Z"
    },
    {
        "id": 129,
        "event_id": 16,
        "person_id": 8,
        "role_id": 2,
        "value": "120.00",
        "observations": "Participante de teste para o evento Evento Teste 14 - Workshop",
        "created_at": "2025-03-25T11:55:09.055Z",
        "updated_at": "2025-03-25T11:55:09.055Z"
    },
    {
        "id": 130,
        "event_id": 16,
        "person_id": 4,
        "role_id": 1,
        "value": "150.00",
        "observations": "Participante de teste para o evento Evento Teste 14 - Workshop",
        "created_at": "2025-03-25T11:55:09.055Z",
        "updated_at": "2025-03-25T11:55:09.055Z"
    },
    {
        "id": 131,
        "event_id": 16,
        "person_id": 16,
        "role_id": 1,
        "value": "150.00",
        "observations": "Participante de teste para o evento Evento Teste 14 - Workshop",
        "created_at": "2025-03-25T11:55:09.055Z",
        "updated_at": "2025-03-25T11:55:09.055Z"
    },
    {
        "id": 132,
        "event_id": 16,
        "person_id": 14,
        "role_id": 2,
        "value": "120.00",
        "observations": "Participante de teste para o evento Evento Teste 14 - Workshop",
        "created_at": "2025-03-25T11:55:09.055Z",
        "updated_at": "2025-03-25T11:55:09.055Z"
    },
    {
        "id": 133,
        "event_id": 16,
        "person_id": 10,
        "role_id": 2,
        "value": "120.00",
        "observations": "Participante de teste para o evento Evento Teste 14 - Workshop",
        "created_at": "2025-03-25T11:55:09.056Z",
        "updated_at": "2025-03-25T11:55:09.056Z"
    },
    {
        "id": 134,
        "event_id": 16,
        "person_id": 15,
        "role_id": 1,
        "value": "150.00",
        "observations": "Participante de teste para o evento Evento Teste 14 - Workshop",
        "created_at": "2025-03-25T11:55:09.056Z",
        "updated_at": "2025-03-25T11:55:09.056Z"
    },
    {
        "id": 135,
        "event_id": 16,
        "person_id": 20,
        "role_id": 2,
        "value": "120.00",
        "observations": "Participante de teste para o evento Evento Teste 14 - Workshop",
        "created_at": "2025-03-25T11:55:09.056Z",
        "updated_at": "2025-03-25T11:55:09.056Z"
    },
    {
        "id": 136,
        "event_id": 16,
        "person_id": 13,
        "role_id": 1,
        "value": "150.00",
        "observations": "Participante de teste para o evento Evento Teste 14 - Workshop",
        "created_at": "2025-03-25T11:55:09.056Z",
        "updated_at": "2025-03-25T11:55:09.056Z"
    },
    {
        "id": 137,
        "event_id": 16,
        "person_id": 11,
        "role_id": 2,
        "value": "120.00",
        "observations": "Participante de teste para o evento Evento Teste 14 - Workshop",
        "created_at": "2025-03-25T11:55:09.056Z",
        "updated_at": "2025-03-25T11:55:09.056Z"
    },
    {
        "id": 138,
        "event_id": 16,
        "person_id": 3,
        "role_id": 2,
        "value": "120.00",
        "observations": "Participante de teste para o evento Evento Teste 14 - Workshop",
        "created_at": "2025-03-25T11:55:09.056Z",
        "updated_at": "2025-03-25T11:55:09.056Z"
    },
    {
        "id": 139,
        "event_id": 16,
        "person_id": 7,
        "role_id": 1,
        "value": "150.00",
        "observations": "Participante de teste para o evento Evento Teste 14 - Workshop",
        "created_at": "2025-03-25T11:55:09.056Z",
        "updated_at": "2025-03-25T11:55:09.056Z"
    },
    {
        "id": 140,
        "event_id": 17,
        "person_id": 23,
        "role_id": 2,
        "value": "120.00",
        "observations": "Participante de teste para o evento Evento Teste 15 - Feira",
        "created_at": "2025-03-25T11:55:09.058Z",
        "updated_at": "2025-03-25T11:55:09.058Z"
    },
    {
        "id": 141,
        "event_id": 17,
        "person_id": 5,
        "role_id": 2,
        "value": "120.00",
        "observations": "Participante de teste para o evento Evento Teste 15 - Feira",
        "created_at": "2025-03-25T11:55:09.058Z",
        "updated_at": "2025-03-25T11:55:09.058Z"
    },
    {
        "id": 142,
        "event_id": 17,
        "person_id": 12,
        "role_id": 2,
        "value": "120.00",
        "observations": "Participante de teste para o evento Evento Teste 15 - Feira",
        "created_at": "2025-03-25T11:55:09.058Z",
        "updated_at": "2025-03-25T11:55:09.058Z"
    },
    {
        "id": 143,
        "event_id": 17,
        "person_id": 7,
        "role_id": 2,
        "value": "120.00",
        "observations": "Participante de teste para o evento Evento Teste 15 - Feira",
        "created_at": "2025-03-25T11:55:09.058Z",
        "updated_at": "2025-03-25T11:55:09.058Z"
    },
    {
        "id": 144,
        "event_id": 17,
        "person_id": 17,
        "role_id": 1,
        "value": "150.00",
        "observations": "Participante de teste para o evento Evento Teste 15 - Feira",
        "created_at": "2025-03-25T11:55:09.058Z",
        "updated_at": "2025-03-25T11:55:09.058Z"
    },
    {
        "id": 145,
        "event_id": 17,
        "person_id": 22,
        "role_id": 1,
        "value": "150.00",
        "observations": "Participante de teste para o evento Evento Teste 15 - Feira",
        "created_at": "2025-03-25T11:55:09.058Z",
        "updated_at": "2025-03-25T11:55:09.058Z"
    },
    {
        "id": 146,
        "event_id": 17,
        "person_id": 2,
        "role_id": 1,
        "value": "150.00",
        "observations": "Participante de teste para o evento Evento Teste 15 - Feira",
        "created_at": "2025-03-25T11:55:09.058Z",
        "updated_at": "2025-03-25T11:55:09.058Z"
    },
    {
        "id": 147,
        "event_id": 17,
        "person_id": 21,
        "role_id": 2,
        "value": "120.00",
        "observations": "Participante de teste para o evento Evento Teste 15 - Feira",
        "created_at": "2025-03-25T11:55:09.058Z",
        "updated_at": "2025-03-25T11:55:09.058Z"
    },
    {
        "id": 148,
        "event_id": 17,
        "person_id": 4,
        "role_id": 2,
        "value": "120.00",
        "observations": "Participante de teste para o evento Evento Teste 15 - Feira",
        "created_at": "2025-03-25T11:55:09.058Z",
        "updated_at": "2025-03-25T11:55:09.058Z"
    }
]