[
    {
        "id": 19,
        "name": "Allana Sampaio",
        "document_id": "92497115141",
        "data_nascimento": "1996-10-22",
        "address": "Vereda Bárbara Azevedo",
        "address_number": "627",
        "address_complement": "Casa",
        "neighborhood": "Atila De Paiva",
        "city": "Lopes Paulista",
        "state": "DF",
        "zipcode": "61533370",
        "pix": "(071) 3672 0580",
        "photo": null,
        "altura": "1.66",
        "peso": "71.11",
        "manequim": "GG",
        "cor_olhos_id": 2,
        "cor_cabelo_id": 4,
        "cor_pele_id": 3,
        "genero_id": 3,
        "efficiency": 3,
        "punctuality": 5,
        "proactivity": 2,
        "appearance": 4,
        "created_at": "2025-03-25T01:26:52.702Z",
        "updated_at": "2025-03-25T01:26:52.702Z"
    },
    {
        "id": 15,
        "name": "Ana Cecília Costa",
        "document_id": "57120072900",
        "data_nascimento": "1988-08-03",
        "address": "Pátio Benjamim Nunes",
        "address_number": "906",
        "address_complement": "",
        "neighborhood": "Alto Das Antenas",
        "city": "Azevedo",
        "state": "DF",
        "zipcode": "66450-395",
        "pix": "(061) 0417-6663",
        "photo": null,
        "altura": "1.98",
        "peso": "70.19",
        "manequim": "40",
        "cor_olhos_id": 2,
        "cor_cabelo_id": 5,
        "cor_pele_id": 5,
        "genero_id": 1,
        "proactivity": 5,
        "appearance": 5,
        "communication": 3,
        "created_at": "2025-03-25T01:26:52.594Z",
        "updated_at": "2025-03-25T01:26:52.594Z"
    },
    {
        "id": 7,
        "name": "Ana Júlia Casa Grande",
        "document_id": "59324280660",
        "data_nascimento": "2004-05-29",
        "address": "Feira Joana Macedo",
        "address_number": "856",
        "address_complement": "Apto 16",
        "neighborhood": "São Luiz",
        "city": "Sousa do Sul",
        "state": "MS",
        "zipcode": "08247-807",
        "pix": "rda-paz@example.net",
        "photo": null,
        "altura": "1.56",
        "peso": "65.89",
        "manequim": "P",
        "cor_olhos_id": 5,
        "cor_cabelo_id": 8,
        "cor_pele_id": 4,
        "genero_id": 5,
        "efficiency": 3,
        "punctuality": 1,
        "proactivity": 5,
        "appearance": 1,
        "communication": 2,
        "created_at": "2025-03-25T01:26:52.399Z",
        "updated_at": "2025-03-25T01:26:52.399Z"
    },
    {
        "id": 14,
        "name": "Caroline Rocha",
        "document_id": "33095161646",
        "data_nascimento": "1969-03-12",
        "address": "Área de Guerra",
        "address_number": "484",
        "address_complement": "",
        "neighborhood": "Paraíso",
        "city": "Pimenta do Campo",
        "state": "ES",
        "zipcode": "31247-428",
        "pix": "nalbuquerque@example.com",
        "photo": null,
        "altura": "1.64",
        "peso": "65.37",
        "manequim": "G",
        "cor_olhos_id": 5,
        "cor_cabelo_id": 4,
        "cor_pele_id": 4,
        "genero_id": 2,
        "efficiency": 2,
        "proactivity": 3,
        "created_at": "2025-03-25T01:26:52.565Z",
        "updated_at": "2025-03-25T01:26:52.565Z"
    },
    {
        "id": 4,
        "name": "Davi Lucas Fogaça",
        "document_id": "18304455617",
        "data_nascimento": "1967-04-30",
        "address": "Avenida de Aparecida",
        "address_number": "436",
        "address_complement": "Casa",
        "neighborhood": "Vila Petropolis",
        "city": "Almeida de Costela",
        "state": "BA",
        "zipcode": "16120-216",
        "pix": "pereirabenicio@example.org",
        "photo": null,
        "altura": "1.75",
        "peso": "73.54",
        "manequim": "GG",
        "cor_olhos_id": 5,
        "cor_cabelo_id": 2,
        "cor_pele_id": 3,
        "genero_id": 3,
        "proactivity": 5,
        "communication": 1,
        "created_at": "2025-03-25T01:26:52.318Z",
        "updated_at": "2025-03-25T01:26:52.318Z"
    },
    {
        "id": 1,
        "name": "Freddie Mercury",
        "data_nascimento": "1950-06-01",
        "address": "Rua José Vicente de Lacerda",
        "address_number": "194",
        "address_complement": "ap 302",
        "neighborhood": "Mauricio de Nassau",
        "city": "Caruaru",
        "state": "PE",
        "zipcode": "55.014-195",
        "photo": "people_photos/baixados.jpeg",
        "notes": "Canta muito",
        "altura": "1.80",
        "peso": "80.00",
        "manequim": "40",
        "cor_olhos_id": 5,
        "cor_cabelo_id": 7,
        "cor_pele_id": 1,
        "genero_id": 1,
        "efficiency": 3,
        "punctuality": 3,
        "proactivity": 3,
        "appearance": 5,
        "communication": 5,
        "created_at": "2025-03-20T17:54:07.950Z",
        "updated_at": "2025-03-20T23:51:14.720Z"
    },
    {
        "id": 3,
        "name": "JOSE ROGACIANO DA PAZ",
        "document_id": "65670370406",
        "data_nascimento": "1971-11-18",
        "address": "rua jose vicente lacerda",
        "address_number": "194",
        "address_complement": "ap 302",
        "neighborhood": "Mauricio de Nassau",
        "city": "CARUARU",
        "state": "PE",
        "zipcode": "55014195",
        "pix": "rogacianopixbb@gmail.com",
        "photo": "people_photos/roga2.PNG",
        "notes": "Contato teste",
        "altura": "1.70",
        "peso": "91.00",
        "manequim": "42",
        "cor_olhos_id": 3,
        "cor_cabelo_id": 9,
        "cor_pele_id": 1,
        "genero_id": 1,
        "efficiency": 4,
        "punctuality": 5,
        "proactivity": 5,
        "appearance": 4,
        "communication": 3,
        "created_at": "2025-03-24T23:35:08.288Z",
        "updated_at": "2025-03-24T23:35:08.288Z"
    },
    {
        "id": 11,
        "name": "João Miguel Ribeiro",
        "document_id": "27694338733",
        "data_nascimento": "2000-07-28",
        "address": "Largo Rodrigo Moraes",
        "address_number": "819",
        "address_complement": "Bloco 2",
        "neighborhood": "Vila Nova Cachoeirinha 1ª Seção",
        "city": "Viana",
        "state": "MS",
        "zipcode": "47650128",
        "pix": "rodrigocunha@example.org",
        "photo": null,
        "altura": "1.82",
        "peso": "79.04",
        "manequim": "38",
        "cor_olhos_id": 2,
        "cor_cabelo_id": 8,
        "cor_pele_id": 3,
        "genero_id": 5,
        "efficiency": 3,
        "punctuality": 4,
        "proactivity": 3,
        "appearance": 5,
        "created_at": "2025-03-25T01:26:52.502Z",
        "updated_at": "2025-03-25T01:26:52.503Z"
    },
    {
        "id": 8,
        "name": "João Vitor Aragão",
        "document_id": "52844348114",
        "data_nascimento": "1969-11-23",
        "address": "Travessa Nina Borges",
        "address_number": "461",
        "address_complement": "Casa",
        "neighborhood": "Vila Betânia",
        "city": "Araújo Alegre",
        "state": "DF",
        "zipcode": "43477339",
        "pix": "+55 (051) 8029-0608",
        "photo": null,
        "altura": "1.52",
        "peso": "63.78",
        "manequim": "P",
        "cor_olhos_id": 2,
        "cor_cabelo_id": 1,
        "cor_pele_id": 2,
        "genero_id": 2,
        "efficiency": 4,
        "punctuality": 1,
        "proactivity": 2,
        "appearance": 2,
        "communication": 4,
        "created_at": "2025-03-25T01:26:52.419Z",
        "updated_at": "2025-03-25T01:26:52.419Z"
    },
    {
        "id": 2,
        "name": "Lady Gaga",
        "data_nascimento": "1988-06-30",
        "address": "Rua José Vicente de Lacerda194Maurício de Nassau",
        "address_number": "194",
        "address_complement": "ap 302",
        "neighborhood": "Mauricio de Nassau",
        "city": "Caruaru",
        "state": "PE",
        "zipcode": "55.014-195",
        "pix": "2340-9234890-3245890-234",
        "photo": "people_photos/Lady_Gaga_in_2023_cropped_fGtXOvC.jpg",
        "notes": "",
        "altura": "1.69",
        "peso": "50.00",
        "manequim": "36",
        "cor_olhos_id": 5,
        "cor_cabelo_id": 4,
        "cor_pele_id": 1,
        "genero_id": 2,
        "efficiency": 5,
        "punctuality": 5,
        "proactivity": 5,
        "appearance": 2,
        "communication": 5,
        "created_at": "2025-03-20T17:58:34.409Z",
        "updated_at": "2025-03-21T00:00:55.751Z"
    },
    {
        "id": 12,
        "name": "Maria Clara Rios",
        "document_id": "87470230319",
        "data_nascimento": "1981-06-22",
        "address": "Lagoa Moreira",
        "address_number": "542",
        "address_complement": "Apto 20",
        "neighborhood": "Vila Madre Gertrudes 2ª Seção",
        "city": "Mendonça dos Dourados",
        "state": "RS",
        "zipcode": "07819655",
        "pix": "+55 81 6408-0674",
        "photo": null,
        "altura": "1.68",
        "peso": "88.34",
        "manequim": "G",
        "cor_olhos_id": 1,
        "cor_cabelo_id": 1,
        "cor_pele_id": 5,
        "genero_id": 1,
        "efficiency": 4,
        "punctuality": 5,
        "proactivity": 4,
        "appearance": 3,
        "created_at": "2025-03-25T01:26:52.524Z",
        "updated_at": "2025-03-25T01:26:52.524Z"
    },
    {
        "id": 16,
        "name": "Maria Liz das Neves",
        "document_id": "84159903169",
        "data_nascimento": "1998-03-01",
        "address": "Viela Maria Alice Peixoto",
        "address_number": "434",
        "address_complement": "",
        "neighborhood": "Silveira",
        "city": "da Costa",
        "state": "MS",
        "zipcode": "17804249",
        "pix": "84 3677-6340",
        "photo": null,
        "notes": "Laudantium nostrum exercitationem perspiciatis quos commodi voluptatum. Maiores quisquam qui repellendus.",
        "altura": "1.86",
        "peso": "83.26",
        "manequim": "38",
        "cor_olhos_id": 4,
        "cor_cabelo_id": 7,
        "cor_pele_id": 2,
        "genero_id": 3,
        "efficiency": 1,
        "punctuality": 3,
        "proactivity": 5,
        "communication": 1,
        "created_at": "2025-03-25T01:26:52.621Z",
        "updated_at": "2025-03-25T01:26:52.621Z"
    },
    {
        "id": 21,
        "name": "Mariana Rocha",
        "document_id": "18463598480",
        "data_nascimento": "1973-11-05",
        "address": "Parque Peixoto",
        "address_number": "383",
        "address_complement": "Casa",
        "neighborhood": "Paquetá",
        "city": "Mendonça",
        "state": "ES",
        "zipcode": "15533-913",
        "pix": "isabela27@example.net",
        "photo": null,
        "altura": "1.66",
        "peso": "60.02",
        "manequim": "G",
        "cor_olhos_id": 3,
        "cor_cabelo_id": 7,
        "cor_pele_id": 1,
        "genero_id": 2,
        "efficiency": 5,
        "punctuality": 2,
        "proactivity": 4,
        "appearance": 3,
        "communication": 2,
        "created_at": "2025-03-25T01:26:52.735Z",
        "updated_at": "2025-03-25T01:26:52.735Z"
    },
    {
        "id": 22,
        "name": "Miguel Ramos",
        "document_id": "67113650899",
        "data_nascimento": "2004-04-13",
        "address": "Quadra de da Rocha",
        "address_number": "203",
        "address_complement": "",
        "neighborhood": "Lagoinha Leblon",
        "city": "Fonseca",
        "state": "PR",
        "zipcode": "61187-878",
        "pix": "liam47@example.net",
        "photo": null,
        "altura": "1.86",
        "peso": "56.48",
        "manequim": "36",
        "cor_olhos_id": 3,
        "cor_cabelo_id": 5,
        "cor_pele_id": 3,
        "genero_id": 3,
        "efficiency": 1,
        "punctuality": 1,
        "proactivity": 5,
        "appearance": 2,
        "communication": 4,
        "created_at": "2025-03-25T01:26:52.762Z",
        "updated_at": "2025-03-25T01:26:52.762Z"
    },
    {
        "id": 18,
        "name": "Pedro Henrique Jesus",
        "document_id": "49024365406",
        "data_nascimento": "1989-01-13",
        "address": "Avenida de Gonçalves",
        "address_number": "650",
        "address_complement": "Apto 64",
        "neighborhood": "Floramar",
        "city": "Viana",
        "state": "PR",
        "zipcode": "55714742",
        "pix": "(051) 1014 9356",
        "photo": null,
        "notes": "Nihil quibusdam vero vel. Numquam vitae soluta officia.\nQui voluptas accusamus itaque suscipit incidunt maxime at. Veritatis voluptate excepturi facere eligendi laboriosam.",
        "altura": "1.79",
        "peso": "59.48",
        "manequim": "GG",
        "cor_olhos_id": 5,
        "cor_cabelo_id": 7,
        "cor_pele_id": 2,
        "genero_id": 1,
        "efficiency": 3,
        "punctuality": 3,
        "proactivity": 3,
        "appearance": 2,
        "created_at": "2025-03-25T01:26:52.674Z",
        "updated_at": "2025-03-25T01:26:52.674Z"
    },
    {
        "id": 6,
        "name": "Rafael Lima",
        "document_id": "01823061869",
        "data_nascimento": "2001-10-28",
        "address": "Trevo de Araújo",
        "address_number": "4",
        "address_complement": "Casa",
        "neighborhood": "Álvaro Camargos",
        "city": "Pereira",
        "state": "MT",
        "zipcode": "00326-908",
        "pix": "+55 (081) 0116-8216",
        "photo": null,
        "altura": "1.76",
        "peso": "93.38",
        "manequim": "P",
        "cor_olhos_id": 4,
        "cor_cabelo_id": 9,
        "cor_pele_id": 3,
        "genero_id": 4,
        "efficiency": 5,
        "punctuality": 2,
        "proactivity": 3,
        "appearance": 4,
        "communication": 2,
        "created_at": "2025-03-25T01:26:52.369Z",
        "updated_at": "2025-03-25T01:26:52.369Z"
    },
    {
        "id": 20,
        "name": "Ryan Porto",
        "document_id": "57637110095",
        "data_nascimento": "1971-05-15",
        "address": "Distrito Fogaça",
        "address_number": "931",
        "address_complement": "Casa",
        "neighborhood": "Vitoria Da Conquista",
        "city": "da Paz",
        "state": "PR",
        "zipcode": "04157-581",
        "pix": "0800 197 3471",
        "photo": null,
        "altura": "1.89",
        "peso": "92.84",
        "manequim": "42",
        "cor_olhos_id": 4,
        "cor_cabelo_id": 7,
        "cor_pele_id": 5,
        "genero_id": 2,
        "punctuality": 3,
        "proactivity": 4,
        "appearance": 2,
        "created_at": "2025-03-25T01:26:52.722Z",
        "updated_at": "2025-03-25T01:26:52.722Z"
    },
    {
        "id": 17,
        "name": "Samuel Barbosa",
        "document_id": "58865774592",
        "data_nascimento": "1972-10-07",
        "address": "Trevo Ravy da Conceição",
        "address_number": "441",
        "address_complement": "",
        "neighborhood": "Monte São José",
        "city": "Vieira",
        "state": "RS",
        "zipcode": "24133106",
        "pix": "+55 71 5122-4551",
        "photo": null,
        "altura": "1.62",
        "peso": "72.79",
        "manequim": "36",
        "cor_olhos_id": 5,
        "cor_cabelo_id": 8,
        "cor_pele_id": 2,
        "genero_id": 1,
        "efficiency": 2,
        "proactivity": 5,
        "communication": 2,
        "created_at": "2025-03-25T01:26:52.647Z",
        "updated_at": "2025-03-25T01:26:52.647Z"
    },
    {
        "id": 13,
        "name": "Sara Cunha",
        "document_id": "45570335714",
        "data_nascimento": "2004-08-16",
        "address": "Praça de Machado",
        "address_number": "336",
        "address_complement": "Casa",
        "neighborhood": "Urca",
        "city": "Marques",
        "state": "GO",
        "zipcode": "06683911",
        "pix": "(051) 4328-2333",
        "photo": null,
        "altura": "1.62",
        "peso": "54.46",
        "manequim": "48",
        "cor_olhos_id": 3,
        "cor_cabelo_id": 6,
        "cor_pele_id": 2,
        "genero_id": 2,
        "efficiency": 4,
        "punctuality": 4,
        "proactivity": 5,
        "communication": 4,
        "created_at": "2025-03-25T01:26:52.538Z",
        "updated_at": "2025-03-25T01:26:52.538Z"
    },
    {
        "id": 10,
        "name": "Sr. Pietro Almeida",
        "document_id": "18431881801",
        "data_nascimento": "1998-06-06",
        "address": "Sítio de da Paz",
        "address_number": "140",
        "address_complement": "Apto 19",
        "neighborhood": "Camponesa 1ª Seção",
        "city": "Campos",
        "state": "BA",
        "zipcode": "38374778",
        "pix": "+55 21 4668-6062",
        "photo": null,
        "altura": "1.79",
        "peso": "79.55",
        "manequim": "GG",
        "cor_olhos_id": 3,
        "cor_cabelo_id": 9,
        "cor_pele_id": 4,
        "genero_id": 5,
        "punctuality": 1,
        "proactivity": 1,
        "appearance": 4,
        "communication": 1,
        "created_at": "2025-03-25T01:26:52.475Z",
        "updated_at": "2025-03-25T01:26:52.475Z"
    },
    {
        "id": 5,
        "name": "Sra. Maria Helena da Costa",
        "document_id": "83770281403",
        "data_nascimento": "1974-10-09",
        "address": "Recanto Beatriz Fernandes",
        "address_number": "462",
        "address_complement": "",
        "neighborhood": "Sion",
        "city": "Porto do Sul",
        "state": "PB",
        "zipcode": "75480383",
        "pix": "cunhadiogo@example.org",
        "photo": null,
        "notes": "Eveniet eos quasi possimus mollitia minima. Tenetur cupiditate perspiciatis magni quae provident totam. Nihil quis eos pariatur.",
        "altura": "1.96",
        "peso": "64.15",
        "manequim": "44",
        "cor_olhos_id": 2,
        "cor_cabelo_id": 9,
        "cor_pele_id": 3,
        "genero_id": 2,
        "efficiency": 5,
        "punctuality": 2,
        "proactivity": 4,
        "appearance": 1,
        "communication": 1,
        "created_at": "2025-03-25T01:26:52.346Z",
        "updated_at": "2025-03-25T01:26:52.346Z"
    },
    {
        "id": 9,
        "name": "Srta. Laís Machado",
        "document_id": "35516697328",
        "data_nascimento": "2001-07-19",
        "address": "Colônia Ana Julia Cardoso",
        "address_number": "788",
        "address_complement": "",
        "neighborhood": "Funcionários",
        "city": "Alves do Amparo",
        "state": "AC",
        "zipcode": "25978-453",
        "pix": "41 1815-1381",
        "photo": null,
        "altura": "1.69",
        "peso": "61.10",
        "manequim": "46",
        "cor_olhos_id": 3,
        "cor_cabelo_id": 8,
        "cor_pele_id": 4,
        "genero_id": 2,
        "efficiency": 3,
        "punctuality": 5,
        "proactivity": 4,
        "appearance": 1,
        "created_at": "2025-03-25T01:26:52.448Z",
        "updated_at": "2025-03-25T01:26:52.448Z"
    },
    {
        "id": 23,
        "name": "Yago Jesus",
        "document_id": "96367821309",
        "data_nascimento": "1962-04-12",
        "address": "Residencial de Alves",
        "address_number": "472",
        "address_complement": "Apto 30",
        "neighborhood": "Novo Glória",
        "city": "das Neves de Minas",
        "state": "SC",
        "zipcode": "69483-129",
        "pix": "(051) 7676-4117",
        "photo": null,
        "altura": "1.94",
        "peso": "53.83",
        "manequim": "38",
        "cor_olhos_id": 4,
        "cor_cabelo_id": 1,
        "cor_pele_id": 4,
        "genero_id": 4,
        "efficiency": 3,
        "punctuality": 2,
        "proactivity": 5,
        "appearance": 2,
        "communication": 1,
        "created_at": "2025-03-25T01:26:52.790Z",
        "updated_at": "2025-03-25T01:26:52.790Z"
    }
]