[
    {
        "id": 46,
        "person_id": 19,
        "type": "instagram",
        "value": "@fernandonascimento",
        "label": "Pessoal",
        "created_at": "2025-03-25T01:26:52.716Z",
        "updated_at": "2025-03-25T01:26:52.716Z"
    },
    {
        "id": 45,
        "person_id": 19,
        "type": "outro",
        "value": "+55 (071) 1235 6413",
        "label": "Pessoal",
        "created_at": "2025-03-25T01:26:52.709Z",
        "updated_at": "2025-03-25T01:26:52.709Z"
    },
    {
        "id": 33,
        "person_id": 15,
        "type": "instagram",
        "value": "@yasminaparecida",
        "label": "Pessoal",
        "created_at": "2025-03-25T01:26:52.601Z",
        "updated_at": "2025-03-25T01:26:52.601Z"
    },
    {
        "id": 34,
        "person_id": 15,
        "type": "outro",
        "value": "+55 11 0833 5718",
        "label": "Trabalho",
        "created_at": "2025-03-25T01:26:52.607Z",
        "updated_at": "2025-03-25T01:26:52.607Z"
    },
    {
        "id": 35,
        "person_id": 15,
        "type": "outro",
        "value": "31 6332 8362",
        "label": "Pessoal",
        "created_at": "2025-03-25T01:26:52.614Z",
        "updated_at": "2025-03-25T01:26:52.614Z"
    },
    {
        "id": 13,
        "person_id": 7,
        "type": "email",
        "value": "heloisada-rocha@example.org",
        "label": "Trabalho",
        "created_at": "2025-03-25T01:26:52.407Z",
        "updated_at": "2025-03-25T01:26:52.407Z"
    },
    {
        "id": 14,
        "person_id": 7,
        "type": "whatsapp",
        "value": "0800-910-3139",
        "label": "Trabalho",
        "created_at": "2025-03-25T01:26:52.412Z",
        "updated_at": "2025-03-25T01:26:52.412Z"
    },
    {
        "id": 32,
        "person_id": 14,
        "type": "email",
        "value": "talbuquerque@example.org",
        "label": "Pessoal",
        "created_at": "2025-03-25T01:26:52.587Z",
        "updated_at": "2025-03-25T01:26:52.587Z"
    },
    {
        "id": 30,
        "person_id": 14,
        "type": "outro",
        "value": "84 0637 1848",
        "label": "Trabalho",
        "created_at": "2025-03-25T01:26:52.573Z",
        "updated_at": "2025-03-25T01:26:52.573Z"
    },
    {
        "id": 31,
        "person_id": 14,
        "type": "whatsapp",
        "value": "(051) 5017-7476",
        "label": "Trabalho",
        "created_at": "2025-03-25T01:26:52.579Z",
        "updated_at": "2025-03-25T01:26:52.579Z"
    },
    {
        "id": 6,
        "person_id": 4,
        "type": "instagram",
        "value": "@clara11",
        "label": "Trabalho",
        "created_at": "2025-03-25T01:26:52.325Z",
        "updated_at": "2025-03-25T01:26:52.325Z"
    },
    {
        "id": 8,
        "person_id": 4,
        "type": "instagram",
        "value": "@vianabarbara",
        "label": "Outro",
        "created_at": "2025-03-25T01:26:52.339Z",
        "updated_at": "2025-03-25T01:26:52.339Z"
    },
    {
        "id": 7,
        "person_id": 4,
        "type": "whatsapp",
        "value": "+55 (021) 3469-9017",
        "label": "Pessoal",
        "created_at": "2025-03-25T01:26:52.331Z",
        "updated_at": "2025-03-25T01:26:52.331Z"
    },
    {
        "id": 3,
        "person_id": 1,
        "type": "email",
        "value": "fredie@gmail.com",
        "label": "asdfasdf",
        "created_at": "2025-03-20T18:23:35.396Z",
        "updated_at": "2025-03-20T18:23:35.396Z"
    },
    {
        "id": 2,
        "person_id": 1,
        "type": "whatsapp",
        "value": "81 9 9922-3045",
        "label": "asdfasdfasdf",
        "created_at": "2025-03-20T18:23:14.749Z",
        "updated_at": "2025-03-20T18:23:14.749Z"
    },
    {
        "id": 5,
        "person_id": 3,
        "type": "whatsapp",
        "value": "81 999216560",
        "label": "telefone pessoal",
        "created_at": "2025-03-24T23:36:34.223Z",
        "updated_at": "2025-03-24T23:36:34.223Z"
    },
    {
        "id": 25,
        "person_id": 11,
        "type": "instagram",
        "value": "@pietro29",
        "label": "Pessoal",
        "created_at": "2025-03-25T01:26:52.517Z",
        "updated_at": "2025-03-25T01:26:52.517Z"
    },
    {
        "id": 24,
        "person_id": 11,
        "type": "outro",
        "value": "(041) 2522 7911",
        "label": "Outro",
        "created_at": "2025-03-25T01:26:52.510Z",
        "updated_at": "2025-03-25T01:26:52.510Z"
    },
    {
        "id": 17,
        "person_id": 8,
        "type": "email",
        "value": "souzaanthony@example.org",
        "label": "Trabalho",
        "created_at": "2025-03-25T01:26:52.440Z",
        "updated_at": "2025-03-25T01:26:52.440Z"
    },
    {
        "id": 16,
        "person_id": 8,
        "type": "instagram",
        "value": "@casa-grandemaria-clara",
        "label": "Trabalho",
        "created_at": "2025-03-25T01:26:52.433Z",
        "updated_at": "2025-03-25T01:26:52.433Z"
    },
    {
        "id": 15,
        "person_id": 8,
        "type": "outro",
        "value": "+55 (051) 2284-3224",
        "label": "Outro",
        "created_at": "2025-03-25T01:26:52.427Z",
        "updated_at": "2025-03-25T01:26:52.427Z"
    },
    {
        "id": 4,
        "person_id": 2,
        "type": "whatsapp",
        "value": "81 9 9922-3045",
        "created_at": "2025-03-21T00:02:47.809Z",
        "updated_at": "2025-03-21T00:02:47.809Z"
    },
    {
        "id": 26,
        "person_id": 12,
        "type": "outro",
        "value": "51 0192 8428",
        "label": "Outro",
        "created_at": "2025-03-25T01:26:52.531Z",
        "updated_at": "2025-03-25T01:26:52.531Z"
    },
    {
        "id": 37,
        "person_id": 16,
        "type": "email",
        "value": "ana-vitoria77@example.com",
        "label": "Outro",
        "created_at": "2025-03-25T01:26:52.633Z",
        "updated_at": "2025-03-25T01:26:52.633Z"
    },
    {
        "id": 38,
        "person_id": 16,
        "type": "email",
        "value": "lucassales@example.net",
        "label": "Pessoal",
        "created_at": "2025-03-25T01:26:52.640Z",
        "updated_at": "2025-03-25T01:26:52.640Z"
    },
    {
        "id": 36,
        "person_id": 16,
        "type": "instagram",
        "value": "@ppereira",
        "label": "Trabalho",
        "created_at": "2025-03-25T01:26:52.627Z",
        "updated_at": "2025-03-25T01:26:52.627Z"
    },
    {
        "id": 49,
        "person_id": 21,
        "type": "email",
        "value": "nmoraes@example.org",
        "label": "Pessoal",
        "created_at": "2025-03-25T01:26:52.749Z",
        "updated_at": "2025-03-25T01:26:52.749Z"
    },
    {
        "id": 50,
        "person_id": 21,
        "type": "instagram",
        "value": "@afreitas",
        "label": "Pessoal",
        "created_at": "2025-03-25T01:26:52.756Z",
        "updated_at": "2025-03-25T01:26:52.756Z"
    },
    {
        "id": 48,
        "person_id": 21,
        "type": "whatsapp",
        "value": "81 1706 3476",
        "label": "Pessoal",
        "created_at": "2025-03-25T01:26:52.743Z",
        "updated_at": "2025-03-25T01:26:52.743Z"
    },
    {
        "id": 51,
        "person_id": 22,
        "type": "email",
        "value": "rezendejoao-gabriel@example.org",
        "label": "Trabalho",
        "created_at": "2025-03-25T01:26:52.771Z",
        "updated_at": "2025-03-25T01:26:52.771Z"
    },
    {
        "id": 52,
        "person_id": 22,
        "type": "outro",
        "value": "+55 31 7875-3198",
        "label": "Outro",
        "created_at": "2025-03-25T01:26:52.777Z",
        "updated_at": "2025-03-25T01:26:52.777Z"
    },
    {
        "id": 53,
        "person_id": 22,
        "type": "whatsapp",
        "value": "+55 84 7784 5830",
        "label": "Pessoal",
        "created_at": "2025-03-25T01:26:52.784Z",
        "updated_at": "2025-03-25T01:26:52.784Z"
    },
    {
        "id": 43,
        "person_id": 18,
        "type": "instagram",
        "value": "@marcelalima",
        "label": "Trabalho",
        "created_at": "2025-03-25T01:26:52.688Z",
        "updated_at": "2025-03-25T01:26:52.688Z"
    },
    {
        "id": 44,
        "person_id": 18,
        "type": "outro",
        "value": "(041) 5595-8952",
        "label": "Trabalho",
        "created_at": "2025-03-25T01:26:52.695Z",
        "updated_at": "2025-03-25T01:26:52.695Z"
    },
    {
        "id": 42,
        "person_id": 18,
        "type": "whatsapp",
        "value": "+55 11 3372-6441",
        "label": "Pessoal",
        "created_at": "2025-03-25T01:26:52.681Z",
        "updated_at": "2025-03-25T01:26:52.681Z"
    },
    {
        "id": 11,
        "person_id": 6,
        "type": "instagram",
        "value": "@pedro-miguelviana",
        "label": "Outro",
        "created_at": "2025-03-25T01:26:52.384Z",
        "updated_at": "2025-03-25T01:26:52.384Z"
    },
    {
        "id": 12,
        "person_id": 6,
        "type": "outro",
        "value": "51 0655 2562",
        "label": "Outro",
        "created_at": "2025-03-25T01:26:52.391Z",
        "updated_at": "2025-03-25T01:26:52.391Z"
    },
    {
        "id": 47,
        "person_id": 20,
        "type": "instagram",
        "value": "@miguel52",
        "label": "Pessoal",
        "created_at": "2025-03-25T01:26:52.729Z",
        "updated_at": "2025-03-25T01:26:52.729Z"
    },
    {
        "id": 41,
        "person_id": 17,
        "type": "instagram",
        "value": "@cirinoyan",
        "label": "Outro",
        "created_at": "2025-03-25T01:26:52.667Z",
        "updated_at": "2025-03-25T01:26:52.667Z"
    },
    {
        "id": 40,
        "person_id": 17,
        "type": "outro",
        "value": "(031) 2988-5268",
        "label": "Outro",
        "created_at": "2025-03-25T01:26:52.661Z",
        "updated_at": "2025-03-25T01:26:52.661Z"
    },
    {
        "id": 39,
        "person_id": 17,
        "type": "whatsapp",
        "value": "+55 (084) 2342-4090",
        "label": "Outro",
        "created_at": "2025-03-25T01:26:52.654Z",
        "updated_at": "2025-03-25T01:26:52.654Z"
    },
    {
        "id": 29,
        "person_id": 13,
        "type": "email",
        "value": "amendonca@example.org",
        "label": "Pessoal",
        "created_at": "2025-03-25T01:26:52.558Z",
        "updated_at": "2025-03-25T01:26:52.558Z"
    },
    {
        "id": 28,
        "person_id": 13,
        "type": "outro",
        "value": "+55 (031) 0039-0247",
        "label": "Outro",
        "created_at": "2025-03-25T01:26:52.552Z",
        "updated_at": "2025-03-25T01:26:52.552Z"
    },
    {
        "id": 27,
        "person_id": 13,
        "type": "whatsapp",
        "value": "+55 11 5110-6341",
        "label": "Outro",
        "created_at": "2025-03-25T01:26:52.545Z",
        "updated_at": "2025-03-25T01:26:52.545Z"
    },
    {
        "id": 23,
        "person_id": 10,
        "type": "instagram",
        "value": "@pimentadante",
        "label": "Trabalho",
        "created_at": "2025-03-25T01:26:52.496Z",
        "updated_at": "2025-03-25T01:26:52.496Z"
    },
    {
        "id": 21,
        "person_id": 10,
        "type": "outro",
        "value": "+55 (081) 5012 8629",
        "label": "Trabalho",
        "created_at": "2025-03-25T01:26:52.483Z",
        "updated_at": "2025-03-25T01:26:52.483Z"
    },
    {
        "id": 22,
        "person_id": 10,
        "type": "outro",
        "value": "0900 127 0467",
        "label": "Outro",
        "created_at": "2025-03-25T01:26:52.489Z",
        "updated_at": "2025-03-25T01:26:52.489Z"
    },
    {
        "id": 9,
        "person_id": 5,
        "type": "email",
        "value": "cassianocaroline@example.com",
        "label": "Trabalho",
        "created_at": "2025-03-25T01:26:52.353Z",
        "updated_at": "2025-03-25T01:26:52.353Z"
    },
    {
        "id": 10,
        "person_id": 5,
        "type": "instagram",
        "value": "@cborges",
        "label": "Pessoal",
        "created_at": "2025-03-25T01:26:52.361Z",
        "updated_at": "2025-03-25T01:26:52.361Z"
    },
    {
        "id": 18,
        "person_id": 9,
        "type": "email",
        "value": "eduarda23@example.org",
        "label": "Pessoal",
        "created_at": "2025-03-25T01:26:52.455Z",
        "updated_at": "2025-03-25T01:26:52.455Z"
    },
    {
        "id": 19,
        "person_id": 9,
        "type": "outro",
        "value": "0500 787 4962",
        "label": "Trabalho",
        "created_at": "2025-03-25T01:26:52.461Z",
        "updated_at": "2025-03-25T01:26:52.461Z"
    },
    {
        "id": 20,
        "person_id": 9,
        "type": "outro",
        "value": "+55 61 9913-1876",
        "label": "Trabalho",
        "created_at": "2025-03-25T01:26:52.468Z",
        "updated_at": "2025-03-25T01:26:52.468Z"
    },
    {
        "id": 56,
        "person_id": 23,
        "type": "email",
        "value": "psiqueira@example.org",
        "label": "Pessoal",
        "created_at": "2025-03-25T01:26:52.811Z",
        "updated_at": "2025-03-25T01:26:52.811Z"
    },
    {
        "id": 54,
        "person_id": 23,
        "type": "instagram",
        "value": "@ufarias",
        "label": "Pessoal",
        "created_at": "2025-03-25T01:26:52.798Z",
        "updated_at": "2025-03-25T01:26:52.798Z"
    },
    {
        "id": 55,
        "person_id": 23,
        "type": "whatsapp",
        "value": "(051) 9058-7138",
        "label": "Trabalho",
        "created_at": "2025-03-25T01:26:52.804Z",
        "updated_at": "2025-03-25T01:26:52.804Z"
    }
]