[
    {
        "id": 16,
        "title": "Evento Teste 14 - Workshop",
        "start_datetime": "2025-09-10T11:55:09.055Z",
        "end_datetime": "2025-09-11T11:55:09.055Z",
        "client_id": 4,
        "value": "28226.00",
        "location": "Shopping Caruaru",
        "event_type_id": 2,
        "status": "orcamento",
        "description": "Este é um evento de teste gerado automaticamente. Evento número 14 de 15.",
        "created_at": "2025-03-25T11:55:09.055Z",
        "updated_at": "2025-03-25T11:55:09.055Z",
        "participants_ids": [
            15,
            7,
            14,
            4,
            3,
            11,
            8,
            16,
            18,
            6,
            20,
            13,
            10,
            23
        ]
    },
    {
        "id": 7,
        "title": "Evento Teste 5 - Exposição",
        "start_datetime": "2025-08-28T11:55:09.037Z",
        "end_datetime": "2025-08-31T11:55:09.037Z",
        "client_id": 7,
        "value": "46857.00",
        "location": "Polo Comercial de Caruaru",
        "event_type_id": 2,
        "status": "prospectado",
        "description": "Este é um evento de teste gerado automaticamente. Evento número 5 de 15.",
        "created_at": "2025-03-25T11:55:09.037Z",
        "updated_at": "2025-03-25T11:55:09.037Z",
        "participants_ids": [
            19,
            15,
            7,
            14,
            3,
            8,
            2,
            16,
            21,
            22,
            18,
            20,
            10,
            5
        ]
    },
    {
        "id": 2,
        "title": "40a rodada de negócios",
        "start_datetime": "2025-08-17T09:00:00Z",
        "end_datetime": "2025-08-19T19:00:00Z",
        "client_id": 1,
        "value": "10000.00",
        "location": "Polo comercial de caruaru",
        "event_type_id": 1,
        "status": "concluido",
        "description": "asdlfjasldfkj",
        "created_at": "2025-03-20T21:07:27.110Z",
        "updated_at": "2025-03-24T19:46:43.291Z",
        "participants_ids": [
            1,
            2
        ]
    },
    {
        "id": 6,
        "title": "Evento Teste 4 - Seminário",
        "start_datetime": "2025-08-05T11:55:09.035Z",
        "end_datetime": "2025-08-10T11:55:09.035Z",
        "client_id": 8,
        "value": "49880.00",
        "location": "Hotel WA",
        "event_type_id": 2,
        "status": "pendente",
        "description": "Este é um evento de teste gerado automaticamente. Evento número 4 de 15.",
        "created_at": "2025-03-25T11:55:09.035Z",
        "updated_at": "2025-03-25T11:55:09.035Z",
        "participants_ids": [
            2,
            12,
            16,
            21,
            13,
            9,
            23
        ]
    },
    {
        "id": 8,
        "title": "Evento Teste 6 - Congresso",
        "start_datetime": "2025-05-10T11:55:09.039Z",
        "end_datetime": "2025-05-14T11:55:09.039Z",
        "client_id": 11,
        "value": "23528.00",
        "location": "Praça 18 de Maio",
        "event_type_id": 2,
        "status": "pendente",
        "description": "Este é um evento de teste gerado automaticamente. Evento número 6 de 15.",
        "created_at": "2025-03-25T11:55:09.039Z",
        "updated_at": "2025-03-25T11:55:09.039Z",
        "participants_ids": [
            1,
            11,
            2,
            16,
            6,
            23
        ]
    },
    {
        "id": 9,
        "title": "Evento Teste 7 - Workshop",
        "start_datetime": "2025-04-26T11:55:09.041Z",
        "end_datetime": "2025-04-27T11:55:09.041Z",
        "client_id": 8,
        "value": "48952.00",
        "location": "Praça 18 de Maio",
        "event_type_id": 2,
        "status": "prospectado",
        "description": "Este é um evento de teste gerado automaticamente. Evento número 7 de 15.",
        "created_at": "2025-03-25T11:55:09.041Z",
        "updated_at": "2025-03-25T11:55:09.041Z",
        "participants_ids": [
            15,
            8,
            18,
            6,
            10,
            5
        ]
    },
    {
        "id": 10,
        "title": "Evento Teste 8 - Exposição",
        "start_datetime": "2025-04-21T11:55:09.042Z",
        "end_datetime": "2025-04-22T11:55:09.042Z",
        "client_id": 12,
        "value": "38737.00",
        "location": "Shopping Caruaru",
        "event_type_id": 2,
        "status": "cadastrado",
        "description": "Este é um evento de teste gerado automaticamente. Evento número 8 de 15.",
        "created_at": "2025-03-25T11:55:09.042Z",
        "updated_at": "2025-03-25T11:55:09.042Z",
        "participants_ids": [
            15,
            7,
            4,
            1,
            3,
            2,
            6,
            20,
            10
        ]
    },
    {
        "id": 15,
        "title": "Evento Teste 13 - Seminário",
        "start_datetime": "2025-03-31T11:55:09.053Z",
        "end_datetime": "2025-04-02T11:55:09.053Z",
        "client_id": 5,
        "value": "5986.00",
        "location": "Centro de Convenções de Caruaru",
        "event_type_id": 1,
        "status": "agendado",
        "description": "Este é um evento de teste gerado automaticamente. Evento número 13 de 15.",
        "created_at": "2025-03-25T11:55:09.053Z",
        "updated_at": "2025-03-25T11:55:09.053Z",
        "participants_ids": [
            19,
            15,
            11,
            8,
            16,
            18,
            6,
            20,
            13,
            5
        ]
    },
    {
        "id": 3,
        "title": "Evento Teste 1 - Seminário",
        "start_datetime": "2025-03-29T11:55:09.025Z",
        "end_datetime": "2025-04-02T11:55:09.025Z",
        "client_id": 5,
        "value": "48431.00",
        "location": "Hotel WA",
        "event_type_id": 1,
        "status": "agendado",
        "description": "Este é um evento de teste gerado automaticamente. Evento número 1 de 15.",
        "created_at": "2025-03-25T11:55:09.025Z",
        "updated_at": "2025-03-25T11:55:09.025Z",
        "participants_ids": [
            15,
            7,
            14,
            4,
            3,
            11,
            8,
            2,
            12,
            16,
            22,
            17,
            10,
            23
        ]
    },
    {
        "id": 17,
        "title": "Evento Teste 15 - Feira",
        "start_datetime": "2025-03-27T11:55:09.057Z",
        "end_datetime": "2025-03-28T11:55:09.057Z",
        "client_id": 12,
        "value": "20910.00",
        "location": "Teatro Rui Limeira Rosal",
        "event_type_id": 2,
        "status": "em_andamento",
        "description": "Este é um evento de teste gerado automaticamente. Evento número 15 de 15.",
        "created_at": "2025-03-25T11:55:09.057Z",
        "updated_at": "2025-03-25T11:55:09.057Z",
        "participants_ids": [
            7,
            4,
            2,
            12,
            21,
            22,
            17,
            5,
            23
        ]
    },
    {
        "id": 4,
        "title": "Evento Teste 2 - Workshop",
        "start_datetime": "2025-03-26T11:55:09.032Z",
        "end_datetime": "2025-03-30T11:55:09.032Z",
        "client_id": 9,
        "value": "38392.00",
        "location": "Associação Comercial e Industrial de Caruaru (ACIC)",
        "event_type_id": 1,
        "status": "agendado",
        "description": "Este é um evento de teste gerado automaticamente. Evento número 2 de 15.",
        "created_at": "2025-03-25T11:55:09.032Z",
        "updated_at": "2025-03-25T11:55:09.032Z",
        "participants_ids": [
            19,
            3,
            11,
            6,
            17,
            10,
            9
        ]
    },
    {
        "id": 13,
        "title": "Evento Teste 11 - Workshop",
        "start_datetime": "2025-01-08T11:55:09.048Z",
        "end_datetime": "2025-01-13T11:55:09.048Z",
        "client_id": 9,
        "value": "39492.00",
        "location": "Hotel WA",
        "event_type_id": 1,
        "status": "arquivado",
        "description": "Este é um evento de teste gerado automaticamente. Evento número 11 de 15.",
        "created_at": "2025-03-25T11:55:09.048Z",
        "updated_at": "2025-03-25T11:55:09.048Z",
        "participants_ids": [
            15,
            7,
            11,
            8,
            2,
            12,
            16,
            22,
            20,
            17,
            13,
            5,
            9
        ]
    },
    {
        "id": 5,
        "title": "Evento Teste 3 - Exposição",
        "start_datetime": "2024-12-10T11:55:09.034Z",
        "end_datetime": "2024-12-12T11:55:09.034Z",
        "client_id": 11,
        "value": "6493.00",
        "location": "Associação Comercial e Industrial de Caruaru (ACIC)",
        "event_type_id": 1,
        "status": "concluido",
        "description": "Este é um evento de teste gerado automaticamente. Evento número 3 de 15.",
        "created_at": "2025-03-25T11:55:09.034Z",
        "updated_at": "2025-03-25T11:55:09.034Z",
        "participants_ids": [
            7,
            4,
            1,
            3,
            8,
            2,
            12,
            16,
            21,
            22,
            17,
            10,
            9,
            23
        ]
    },
    {
        "id": 12,
        "title": "Evento Teste 10 - Workshop",
        "start_datetime": "2024-11-28T11:55:09.047Z",
        "end_datetime": "2024-11-29T11:55:09.047Z",
        "client_id": 13,
        "value": "47583.00",
        "location": "Polo Comercial de Caruaru",
        "event_type_id": 2,
        "status": "arquivado",
        "description": "Este é um evento de teste gerado automaticamente. Evento número 10 de 15.",
        "created_at": "2025-03-25T11:55:09.047Z",
        "updated_at": "2025-03-25T11:55:09.047Z",
        "participants_ids": [
            19,
            14,
            4,
            1,
            3,
            2,
            9
        ]
    },
    {
        "id": 11,
        "title": "Evento Teste 9 - Exposição",
        "start_datetime": "2024-11-19T11:55:09.045Z",
        "end_datetime": "2024-11-22T11:55:09.045Z",
        "client_id": 7,
        "value": "43919.00",
        "location": "Shopping Caruaru",
        "event_type_id": 1,
        "status": "concluido",
        "description": "Este é um evento de teste gerado automaticamente. Evento número 9 de 15.",
        "created_at": "2025-03-25T11:55:09.045Z",
        "updated_at": "2025-03-25T11:55:09.045Z",
        "participants_ids": [
            19,
            15,
            1,
            2,
            16
        ]
    },
    {
        "id": 14,
        "title": "Evento Teste 12 - Congresso",
        "start_datetime": "2024-10-15T11:55:09.050Z",
        "end_datetime": "2024-10-20T11:55:09.050Z",
        "client_id": 11,
        "value": "49919.00",
        "location": "Shopping Caruaru",
        "event_type_id": 2,
        "status": "cancelado",
        "description": "Este é um evento de teste gerado automaticamente. Evento número 12 de 15.",
        "created_at": "2025-03-25T11:55:09.050Z",
        "updated_at": "2025-03-25T11:55:09.050Z",
        "participants_ids": [
            14,
            1,
            8,
            2,
            12,
            21,
            22,
            18,
            20,
            9,
            23
        ]
    }
]